1,all,Western Xiangxi,nort2748,sa5,1
1,all,Eastern Xiangxi,east2371,xa31,3
1,all,Qiandong,east2369,sɛ4,1
1,all,Chuanqiandian,nort3244,tǝu1,2
1,all,Diandongbei,larg1235,tu5,2
1,all,Hmong Daw,hmon1333,hu3,3
1,all,Hmong Njua,hmon1264,cɨ6,4
1,all,Bunu,buna1273,tu5,2
1,all,Baonao,buna1273,kou5,5
1,all,Numao,numa1251,tey4,6
1,all,Longhua Jiongnai,jion1236,tu44,2
1,all,Liuxiang Jiongnai,jion1236,tu44,2
1,all,Xiaozhai Younuo,youn1235,tou33,2
1,all,Huangluo Younuo,youn1235,tu33,2
1,all,Northern Pa-Hng,pahn1237,tɔ33,2
1,all,Southern Pa-Hng,pahn1237,tɦɔ33,2
1,all,Hm-Nai,wuna1248,ki̯ei55,7
2,ashes,Western Xiangxi,nort2748,ʆi3,1
2,ashes,Eastern Xiangxi,east2371,pʰi55,2
2,ashes,Qiandong,east2369,ʆʰu3,1
2,ashes,Chuanqiandian,nort3244,c̢ʰǝu3,1
2,ashes,Diandongbei,larg1235,c̢ʰao3,1
2,ashes,Hmong Daw,hmon1333,čʰɔw3,1
2,ashes,Hmong Njua,hmon1264,čʰau2,1
2,ashes,Bunu,buna1273,ka3=sʰa3,1
2,ashes,Baonao,buna1273,sʰi̯a3,1
2,ashes,Numao,numa1251,ʆu3,1
2,ashes,Longhua Jiongnai,jion1236,tau31=θe53,1
2,ashes,Liuxiang Jiongnai,jion1236,ču35=θey35,1
2,ashes,Xiaozhai Younuo,youn1235,cʰɔ22,1
2,ashes,Huangluo Younuo,youn1235,cʰɔ22,1
2,ashes,Northern Pa-Hng,pahn1237,qa22=si22,1
2,ashes,Southern Pa-Hng,pahn1237,qa31=ʆe31,1
2,ashes,Hm-Nai,wuna1248,ʆi13,1
3,bark,Western Xiangxi,nort2748,qo1=ki̯ɔ5-ntu5,1
3,bark,Qiandong,east2369,qa1=liu5-tǝu5,2
3,bark,Hmong Daw,hmon1333,tǝw3-ntõ4,3
3,bark,Hmong Njua,hmon1264,taʉ2-ndoŋ3,3
3,bark,Longhua Jiongnai,jion1236,ntɔuŋ35=ki̯eu35,1
3,bark,Liuxiang Jiongnai,jion1236,ntaŋ22=ki̯eu22,1
3,bark,Northern Pa-Hng,pahn1237,qa22=li̯u55-ti̯a35,2
3,bark,Southern Pa-Hng,pahn1237,qa31=li̯ʉ55-pi̯a35,2
3,bark,Hm-Nai,wuna1248,qʰau35-ca35,4
4,belly,Western Xiangxi,nort2748,qo1=ɕʰi1,1
4,belly,Eastern Xiangxi,east2371,qu53=pi53,2
4,belly,Qiandong,east2369,ɕʰu1,1
4,belly,Chuanqiandian,nort3244,plaŋ1,3
4,belly,Diandongbei,larg1235,a3=ɕʰao1,1
4,belly,Hmong Daw,hmon1333,pla1,3
4,belly,Hmong Njua,hmon1264,plaŋ1,3
4,belly,Bunu,buna1273,ka3=ƛǝŋ1,3
4,belly,Baonao,buna1273,ɲ̥au3,4
4,belly,Numao,numa1251,ɲ̥uŋ3,4
4,belly,Longhua Jiongnai,jion1236,tʰe44,5
4,belly,Liuxiang Jiongnai,jion1236,tʰey44,5
4,belly,Xiaozhai Younuo,youn1235,ta31-tu33,6
4,belly,Huangluo Younuo,youn1235,ta31-tu33,6
4,belly,Northern Pa-Hng,pahn1237,a33=ŋ̥ŋ22,4
4,belly,Southern Pa-Hng,pahn1237,a44=ŋ̥ŋ31,4
4,belly,Hm-Nai,wuna1248,naŋ35=n̥n13,4
5,big,Western Xiangxi,nort2748,li̯o2,1
5,big,Eastern Xiangxi,east2371,ʎ̥ʰɔ53,1
5,big,Qiandong,east2369,l̥ʰiǝ1,1
5,big,Chuanqiandian,nort3244,lo2,1
5,big,Diandongbei,larg1235,l̥o1 ~ a3=laɯ4,1
5,big,Hmong Daw,hmon1333,lɔ2,1
5,big,Hmong Njua,hmon1264,lu5,1
5,big,Bunu,buna1273,laŋ8,2
5,big,Baonao,buna1273,lʰi̯uɔ1,1
5,big,Numao,numa1251,lo8,2
5,big,Longhua Jiongnai,jion1236,l̥i̯eu44,1
5,big,Liuxiang Jiongnai,jion1236,l̥i̯eu44,1
5,big,Xiaozhai Younuo,youn1235,liu33,1
5,big,Huangluo Younuo,youn1235,liu33,1
5,big,Northern Pa-Hng,pahn1237,l̥i̯o35,1
5,big,Southern Pa-Hng,pahn1237,l̥i̯o35,1
5,big,Hm-Nai,wuna1248,l̥i̯o35,1
6,bird,Western Xiangxi,nort2748,ta1=nu6,1
6,bird,Eastern Xiangxi,east2371,nɔ11,1
6,bird,Qiandong,east2369,nǝu6,1
6,bird,Chuanqiandian,nort3244,noŋ6,1
6,bird,Diandongbei,larg1235,nao6,1
6,bird,Hmong Daw,hmon1333,nõ6,1
6,bird,Hmong Njua,hmon1264,noŋ6,1
6,bird,Bunu,buna1273,naŋ6,1
6,bird,Baonao,buna1273,nuɔ6,1
6,bird,Numao,numa1251,nou6,1
6,bird,Longhua Jiongnai,jion1236,nɔuŋ22,1
6,bird,Liuxiang Jiongnai,jion1236,nɔ21,1
6,bird,Xiaozhai Younuo,youn1235,noŋ31,1
6,bird,Huangluo Younuo,youn1235,noŋ22,1
6,bird,Northern Pa-Hng,pahn1237,taŋ35=moŋ44,1
6,bird,Southern Pa-Hng,pahn1237,tɔ̃35=mõ44,1
6,bird,Hm-Nai,wuna1248,taŋ35=nuŋ31,1
7,bite,Western Xiangxi,nort2748,to4,1
7,bite,Eastern Xiangxi,east2371,tɔ35,1
7,bite,Qiandong,east2369,tǝ8,1
7,bite,Chuanqiandian,nort3244,to8,1
7,bite,Diandongbei,larg1235,so5-so5,2
7,bite,Hmong Daw,hmon1333,tɔ7,1
7,bite,Hmong Njua,hmon1264,tu7,1
7,bite,Bunu,buna1273,tɔ8,1
7,bite,Baonao,buna1273,tuɔ8,1
7,bite,Numao,numa1251,tɑu8,1
7,bite,Longhua Jiongnai,jion1236,tu32,1
7,bite,Liuxiang Jiongnai,jion1236,tu32,1
7,bite,Northern Pa-Hng,pahn1237,ta31,1
7,bite,Southern Pa-Hng,pahn1237,tɦa31,1
7,bite,Hm-Nai,wuna1248,tʰa31,1
8,black,Western Xiangxi,nort2748,qu̯e1,1
8,black,Eastern Xiangxi,east2371,qwe53,1
8,black,Qiandong,east2369,ɬɛ1,1
8,black,Chuanqiandian,nort3244,tlo1,1
8,black,Diandongbei,larg1235,ƛu1,1
8,black,Hmong Daw,hmon1333,ʼdu1,1
8,black,Hmong Njua,hmon1264,ƛu1,1
8,black,Bunu,buna1273,ƛuŋ1,1
8,black,Baonao,buna1273,ƛi̯ɔ1,1
8,black,Numao,numa1251,ƛi̯uŋ1,1
8,black,Longhua Jiongnai,jion1236,klaŋ44,1
8,black,Liuxiang Jiongnai,jion1236,klã44,1
8,black,Xiaozhai Younuo,youn1235,kuŋ33,1
8,black,Huangluo Younuo,youn1235,ku33,1
8,black,Northern Pa-Hng,pahn1237,kwaŋ33,1
8,black,Southern Pa-Hng,pahn1237,kɦwɔ̃33,1
8,black,Hm-Nai,wuna1248,quŋ31,1
9,blood,Western Xiangxi,nort2748,ɲɕʰin3,1
9,blood,Eastern Xiangxi,east2371,cʰe55,1
9,blood,Qiandong,east2369,ʃʰaŋ3,1
9,blood,Chuanqiandian,nort3244,nc̢ʰaŋ3,1
9,blood,Diandongbei,larg1235,ɳc̢aɯ3,1
9,blood,Hmong Daw,hmon1333,nčʰa3,1
9,blood,Hmong Njua,hmon1264,ɲčʰaŋ2,1
9,blood,Bunu,buna1273,ncʰǝŋ3,1
9,blood,Baonao,buna1273,ncʰɒ3,1
9,blood,Numao,numa1251,ncʰi̯ɑn3,1
9,blood,Longhua Jiongnai,jion1236,θi53,1
9,blood,Liuxiang Jiongnai,jion1236,θi35,1
9,blood,Xiaozhai Younuo,youn1235,cʰun22,1
9,blood,Huangluo Younuo,youn1235,cʰun22,1
9,blood,Northern Pa-Hng,pahn1237,ɲ̥ei22,1
9,blood,Southern Pa-Hng,pahn1237,ɲ̥ɕe31,1
9,blood,Hm-Nai,wuna1248,ɲ̥ɕʰei13,1
10,bone,Western Xiangxi,nort2748,qo1=soŋ3,1
10,bone,Eastern Xiangxi,east2371,qu31=sɤ55,1
10,bone,Qiandong,east2369,po3=sʰoŋ3,1
11,breast,Western Xiangxi,nort2748,qo1=moŋ2=lɛ̃2,1
11,breast,Eastern Xiangxi,east2371,ʆuŋ55-pʰu31,-1
11,breast,Qiandong,east2369,kaŋ1-kǝu7,2
11,breast,Chuanqiandian,nort3244,hǝu3=ɳʈao1,3
11,breast,Diandongbei,larg1235,fao3=hi5=ɳto1,3
11,breast,Hmong Daw,hmon1333,hɔw3=ši̯a1,4
11,breast,Hmong Njua,hmon1264,hau2=ša1,4
11,breast,Bunu,buna1273,fa3=mpi̯au6,5
11,breast,Baonao,buna1273,pey3=nƛɒ2,6
11,breast,Numao,numa1251,ti̯e6,7
11,breast,Longhua Jiongnai,jion1236,mplay33,5
11,breast,Liuxiang Jiongnai,jion1236,mplɛ31,5
11,breast,Xiaozhai Younuo,youn1235,fɔ33=sǝn35=lau35,5
11,breast,Huangluo Younuo,youn1235,fɔ33=sǝn33=lau53,5
11,breast,Northern Pa-Hng,pahn1237,a33=ɕaŋ53,8
11,breast,Southern Pa-Hng,pahn1237,a44=ɕɔ̃53,8
11,breast,Hm-Nai,wuna1248,naŋ35=ɕuŋ53,8
12,burn tr.,Western Xiangxi,nort2748,ɔ1,1
12,burn tr.,Eastern Xiangxi,east2371,ɔ53,1
12,burn tr.,Qiandong,east2369,tio3,2
12,burn tr.,Chuanqiandian,nort3244,fau3,2
12,burn tr.,Diandongbei,larg1235,ƛao3,2
12,burn tr.,Hmong Daw,hmon1333,l̥ǝw3,2
12,burn tr.,Hmong Njua,hmon1264,ɬaʉ2,2
12,burn tr.,Bunu,buna1273,ʈa3,2
12,burn tr.,Baonao,buna1273,ɕa3,2
12,burn tr.,Numao,numa1251,ti̯u3,2
12,burn tr.,Longhua Jiongnai,jion1236,v̥a53,3
12,burn tr.,Liuxiang Jiongnai,jion1236,hwa35,3
12,burn tr.,Xiaozhai Younuo,youn1235,tʰou22,2
12,burn tr.,Huangluo Younuo,youn1235,tʰou22,2
12,burn tr.,Northern Pa-Hng,pahn1237,pʰo22,4
12,burn tr.,Southern Pa-Hng,pahn1237,pʰo31,4
12,burn tr.,Hm-Nai,wuna1248,ti̯aŋ35,5
13,claw(nail),Western Xiangxi,nort2748,po5=ʈei5,1
14,cloud,Western Xiangxi,nort2748,ki̯a3=tu5,1
14,cloud,Eastern Xiangxi,east2371,ʑü31-dɯ31,-1
14,cloud,Qiandong,east2369,ten5=en5,2
14,cloud,Chuanqiandian,nort3244,hua1,3
14,cloud,Diandongbei,larg1235,haɯ3-po7,3
14,cloud,Hmong Daw,hmon1333,hu̯ǝ1,3
14,cloud,Hmong Njua,hmon1264,fu̯a1,3
14,cloud,Bunu,buna1273,ka3=hu3,3
14,cloud,Baonao,buna1273,tei3=ɔŋ1-ŋkɔ2,4
14,cloud,Numao,numa1251,ou1,4
14,cloud,Longhua Jiongnai,jion1236,ti̯ɔŋ35,5
14,cloud,Liuxiang Jiongnai,jion1236,ti̯aŋ22,5
14,cloud,Xiaozhai Younuo,youn1235,hau33,3
14,cloud,Huangluo Younuo,youn1235,hau33,3
14,cloud,Northern Pa-Hng,pahn1237,qa33=toŋ55,5
14,cloud,Southern Pa-Hng,pahn1237,qa31=tõ55,5
14,cloud,Hm-Nai,wuna1248,ho35,3
15,cold,Western Xiangxi,nort2748,cɛ̃4,1
15,cold,Eastern Xiangxi,east2371,ʒɛ35,1
15,cold,Qiandong,east2369,sei4,1
15,cold,Chuanqiandian,nort3244,ʒa6,2
15,cold,Diandongbei,larg1235,ɕie4,1
15,cold,Hmong Daw,hmon1333,ci̯a5,1
15,cold,Hmong Njua,hmon1264,ca6,1
15,cold,Bunu,buna1273,θǝŋ4,1
16,come,Western Xiangxi,nort2748,lo4,1
16,come,Eastern Xiangxi,east2371,lɔ33,1
16,come,Qiandong,east2369,ta2,2
16,come,Chuanqiandian,nort3244,tua2,2
16,come,Diandongbei,larg1235,ta2,2
16,come,Hmong Daw,hmon1333,tu̯ǝ2,2
16,come,Hmong Njua,hmon1264,tu̯a5,2
16,come,Bunu,buna1273,lɔ4,1
16,come,Baonao,buna1273,tuɔ2,2
16,come,Numao,numa1251,lɑu4,1
16,come,Longhua Jiongnai,jion1236,lɔu31,1
16,come,Liuxiang Jiongnai,jion1236,lo53,1
16,come,Xiaozhai Younuo,youn1235,tɔ13,2
16,come,Huangluo Younuo,youn1235,tɔ13,2
16,come,Northern Pa-Hng,pahn1237,tei33,2
16,come,Southern Pa-Hng,pahn1237,tɦe33,2
16,come,Hm-Nai,wuna1248,te33,2
16,come,Bunu,buna1273,tɔ2,2
16,come,Numao,numa1251,tɑu2,2
17,die,Western Xiangxi,nort2748,ta6,1
17,die,Eastern Xiangxi,east2371,da11,1
17,die,Qiandong,east2369,ta6,1
17,die,Chuanqiandian,nort3244,dua6,1
17,die,Diandongbei,larg1235,nta6,1
17,die,Hmong Daw,hmon1333,tu̯ǝ6,1
17,die,Hmong Njua,hmon1264,tu̯a6,1
17,die,Longhua Jiongnai,jion1236,ta22,1
17,die,Liuxiang Jiongnai,jion1236,ta21,1
17,die,Xiaozhai Younuo,youn1235,tɔ22,1
17,die,Huangluo Younuo,youn1235,tɔ22,1
17,die,Northern Pa-Hng,pahn1237,tei44,1
17,die,Southern Pa-Hng,pahn1237,tɦe44,1
17,die,Hm-Nai,wuna1248,te31,1
18,dog,Western Xiangxi,nort2748,ta1=qu̯ɯ3,1
18,dog,Eastern Xiangxi,east2371,qʋ55,1
18,dog,Qiandong,east2369,ɬa3,1
18,dog,Chuanqiandian,nort3244,tle3,1
18,dog,Diandongbei,larg1235,ƛa3,1
18,dog,Hmong Daw,hmon1333,ʼde3,1
18,dog,Hmong Njua,hmon1264,ƛe2,1
18,dog,Bunu,buna1273,ƛe3,1
18,dog,Baonao,buna1273,ƛey3,1
18,dog,Numao,numa1251,ƛi̯ɑ3,1
18,dog,Longhua Jiongnai,jion1236,kla53,1
18,dog,Liuxiang Jiongnai,jion1236,kla35,1
18,dog,Xiaozhai Younuo,youn1235,kou22,1
18,dog,Huangluo Younuo,youn1235,kou22,1
18,dog,Northern Pa-Hng,pahn1237,qa22=li̯aŋ53,2
18,dog,Southern Pa-Hng,pahn1237,qa35=li̯ɔ̃53,2
18,dog,Hm-Nai,wuna1248,li̯aŋ53,2
19,drink,Western Xiangxi,nort2748,xu3,1
19,drink,Eastern Xiangxi,east2371,xɔ35,1
19,drink,Qiandong,east2369,hǝu7,1
19,drink,Chuanqiandian,nort3244,heu7,1
19,drink,Diandongbei,larg1235,hao7,1
19,drink,Hmong Daw,hmon1333,hɔw5,1
19,drink,Hmong Njua,hmon1264,hau4,1
19,drink,Bunu,buna1273,hu7,1
19,drink,Baonao,buna1273,hau7,1
19,drink,Numao,numa1251,xɤ7,1
19,drink,Longhua Jiongnai,jion1236,xɔ43,1
19,drink,Liuxiang Jiongnai,jion1236,hǝu43,1
19,drink,Xiaozhai Younuo,youn1235,hɔ31,1
19,drink,Huangluo Younuo,youn1235,hɔ31,1
19,drink,Northern Pa-Hng,pahn1237,hɔ53,1
19,drink,Southern Pa-Hng,pahn1237,hɔ53,1
19,drink,Hm-Nai,wuna1248,hau53,1
20,dry,Western Xiangxi,nort2748,qʰä3,1
20,dry,Eastern Xiangxi,east2371,qʰɛ55,1
20,dry,Qiandong,east2369,ŋa6,2
20,dry,Chuanqiandian,nort3244,qʰua3,1
20,dry,Diandongbei,larg1235,nqʰa1,1
20,dry,Hmong Daw,hmon1333,qʰu̯ǝ3,1
20,dry,Hmong Njua,hmon1264,qʰu̯a2,1
20,dry,Bunu,buna1273,ŋkʰen3,1
20,dry,Baonao,buna1273,ɕẽ5,3
20,dry,Numao,numa1251,ŋkʰɑn3,1
20,dry,Longhua Jiongnai,jion1236,ŋkʰey44,1
20,dry,Liuxiang Jiongnai,jion1236,ŋkay44,1
20,dry,Xiaozhai Younuo,youn1235,kʰey22,1
20,dry,Huangluo Younuo,youn1235,kʰey22,1
20,dry,Northern Pa-Hng,pahn1237,qʰei22,1
20,dry,Southern Pa-Hng,pahn1237,qʰe31,1
20,dry,Hm-Nai,wuna1248,qʰe13,1
21,ear,Western Xiangxi,nort2748,ʈoŋ2=mɹɯ2,1
21,ear,Eastern Xiangxi,east2371,qu53=mi̯ɯ31,1
21,ear,Qiandong,east2369,nɛ2,1
21,ear,Chuanqiandian,nort3244,c̢e2,1
21,ear,Diandongbei,larg1235,a5=mpǝ2,1
21,ear,Hmong Daw,hmon1333,nǯe2,1
21,ear,Hmong Njua,hmon1264,ɲǯe5,1
21,ear,Bunu,buna1273,mpi̯e2,1
21,ear,Baonao,buna1273,kǝ3=mpce2,1
21,ear,Numao,numa1251,mpi̯ey2,1
21,ear,Longhua Jiongnai,jion1236,mpi̯a33,1
21,ear,Liuxiang Jiongnai,jion1236,mpi̯a31,1
21,ear,Xiaozhai Younuo,youn1235,kǝ33=mi̯e13,1
21,ear,Huangluo Younuo,youn1235,kǝ33=muy13,1
21,ear,Northern Pa-Hng,pahn1237,a33=kʰoŋ22=ni̯o33,1
21,ear,Southern Pa-Hng,pahn1237,a44=qʰõ31=mpɦi̯ɔ33,1
21,ear,Hm-Nai,wuna1248,qʰuŋ13=mpi̯au31,1
22,earth,Western Xiangxi,nort2748,lu5,1
22,earth,Eastern Xiangxi,east2371,qu53=la11,1
22,earth,Qiandong,east2369,ta1,2
22,earth,Chuanqiandian,nort3244,lua2,1
22,earth,Diandongbei,larg1235,a5=la2,1
22,earth,Hmong Daw,hmon1333,a3,3
22,earth,Hmong Njua,hmon1264,ʔaŋ2,3
22,earth,Bunu,buna1273,ka3=te1,2
22,earth,Baonao,buna1273,kǝ3=tei1,2
22,earth,Numao,numa1251,tɑ1,2
22,earth,Longhua Jiongnai,jion1236,ta44,2
22,earth,Liuxiang Jiongnai,jion1236,ta44,2
22,earth,Xiaozhai Younuo,youn1235,kǝ33=tou33,2
22,earth,Huangluo Younuo,youn1235,kǝ33=tou33,2
22,earth,Northern Pa-Hng,pahn1237,qa22=lei33,4
22,earth,Southern Pa-Hng,pahn1237,qa31=lɦe33,4
22,earth,Hm-Nai,wuna1248,l̥ai13,4
23,eat,Western Xiangxi,nort2748,noŋ2,1
23,eat,Eastern Xiangxi,east2371,naŋ31,1
23,eat,Qiandong,east2369,noŋ2,1
23,eat,Chuanqiandian,nort3244,nao2,1
23,eat,Diandongbei,larg1235,na2,1
23,eat,Hmong Daw,hmon1333,nɔ2,1
23,eat,Hmong Njua,hmon1264,nao5,1
23,eat,Bunu,buna1273,nɔŋ2,1
23,eat,Baonao,buna1273,nɒ2,1
23,eat,Numao,numa1251,nou2,1
23,eat,Longhua Jiongnai,jion1236,naŋ33,1
23,eat,Liuxiang Jiongnai,jion1236,naŋ31,1
23,eat,Xiaozhai Younuo,youn1235,naŋ13,1
23,eat,Huangluo Younuo,youn1235,naŋ13,1
23,eat,Northern Pa-Hng,pahn1237,naŋ33,1
23,eat,Southern Pa-Hng,pahn1237,nɦɔ33,1
23,eat,Hm-Nai,wuna1248,naŋ33,1
24,egg,Western Xiangxi,nort2748,nɯ6-qä1,1
25,eye,Western Xiangxi,nort2748,lɤ3=qe1,1
25,eye,Eastern Xiangxi,east2371,qʰa35=me11,2
25,eye,Qiandong,east2369,mɛ6,2
25,eye,Chuanqiandian,nort3244,mua6,2
25,eye,Diandongbei,larg1235,a3=ma6,2
25,eye,Hmong Daw,hmon1333,qʰɔ3=mu̯ǝ6,2
25,eye,Hmong Njua,hmon1264,qʰao2=mu̯a6,2
25,eye,Bunu,buna1273,kʰi3=mɔŋ6,2
25,eye,Baonao,buna1273,laǝ1=kɒ3,1
25,eye,Numao,numa1251,moŋ6,2
25,eye,Longhua Jiongnai,jion1236,mɔ22-čen44,2
25,eye,Liuxiang Jiongnai,jion1236,mu21-wɛ21,2
25,eye,Xiaozhai Younuo,youn1235,kin53=mɔ31,2
25,eye,Huangluo Younuo,youn1235,ki53=mɔ22,2
25,eye,Northern Pa-Hng,pahn1237,qoŋ55=mi44,2
25,eye,Southern Pa-Hng,pahn1237,a44=qõ55=mɦı44,2
25,eye,Hm-Nai,wuna1248,naŋ35=me31,2
26,fat n.,Eastern Xiangxi,east2371,sɛ53,1
26,fat n.,Hmong Daw,hmon1333,ʈɔ2,2
26,fat n.,Hmong Njua,hmon1264,ao5,2
26,fat n.,Northern Pa-Hng,pahn1237,you33,3
26,fat n.,Southern Pa-Hng,pahn1237,ɔ̃35=yɦɤ33,3
26,fat n.,Hm-Nai,wuna1248,you33,3
27,feather,Western Xiangxi,nort2748,qo1=pi1-qo1-pi3,1
27,feather,Qiandong,east2369,ɬiu1-nǝu6,1
27,feather,Hmong Daw,hmon1333,plɔw1,1
27,feather,Hmong Njua,hmon1264,plau1,1
27,feather,Longhua Jiongnai,jion1236,ple44,1
27,feather,Liuxiang Jiongnai,jion1236,pley44,1
27,feather,Northern Pa-Hng,pahn1237,ti35,1
27,feather,Southern Pa-Hng,pahn1237,pi35,1
27,feather,Hm-Nai,wuna1248,pi35,1
28,fire,Western Xiangxi,nort2748,pi3=tɤ4,1
28,fire,Eastern Xiangxi,east2371,ʎɔ31=da35,1
28,fire,Qiandong,east2369,tu4,1
28,fire,Chuanqiandian,nort3244,deu4,1
28,fire,Diandongbei,larg1235,toey4,1
28,fire,Hmong Daw,hmon1333,l̥u̯ǝ3=tǝw5,1
28,fire,Hmong Njua,hmon1264,taʉ6,1
28,fire,Bunu,buna1273,to4,1
28,fire,Baonao,buna1273,tiu4,1
28,fire,Numao,numa1251,to4,1
28,fire,Longhua Jiongnai,jion1236,tau31,1
28,fire,Liuxiang Jiongnai,jion1236,tɔ53,1
28,fire,Xiaozhai Younuo,youn1235,to22,1
28,fire,Huangluo Younuo,youn1235,tou22,1
28,fire,Northern Pa-Hng,pahn1237,qa22=tou22,1
28,fire,Southern Pa-Hng,pahn1237,a44=tɦɤ31,1
28,fire,Hm-Nai,wuna1248,tou22,1
29,fish,Western Xiangxi,nort2748,ta1=mɹɯ4,1
29,fish,Eastern Xiangxi,east2371,myɯ33,1
29,fish,Qiandong,east2369,nǝu8,1
29,fish,Chuanqiandian,nort3244,ɳᶚe4,1
29,fish,Diandongbei,larg1235,mpǝ4,1
29,fish,Hmong Daw,hmon1333,nǯe5,1
29,fish,Hmong Njua,hmon1264,ɲ̌ǯe6,1
29,fish,Bunu,buna1273,mpi̯e4,1
29,fish,Baonao,buna1273,mpci4,1
29,fish,Numao,numa1251,mpi̯ey4,1
29,fish,Longhua Jiongnai,jion1236,mpi̯a31,1
29,fish,Liuxiang Jiongnai,jion1236,mpi̯a53,1
29,fish,Xiaozhai Younuo,youn1235,mi̯e22,1
29,fish,Huangluo Younuo,youn1235,muy22,1
29,fish,Northern Pa-Hng,pahn1237,ni̯o22,1
29,fish,Southern Pa-Hng,pahn1237,ŋ̮31=mpɦi̯o31,1
29,fish,Hm-Nai,wuna1248,mpi̯o22,1
30,fly v.,Western Xiangxi,nort2748,ʑen5,1
30,fly v.,Eastern Xiangxi,east2371,ɛ31,1
30,fly v.,Qiandong,east2369,ʑaŋ5,1
30,fly v.,Chuanqiandian,nort3244,ʑaŋ5,1
30,fly v.,Diandongbei,larg1235,ʑaɯ5,1
30,fly v.,Hmong Njua,hmon1264,yaŋ3,1
30,fly v.,Bunu,buna1273,ʑǝŋ5,1
30,fly v.,Baonao,buna1273,yey5,1
30,fly v.,Numao,numa1251,jɑn5,1
30,fly v.,Longhua Jiongnai,jion1236,ʑi35,1
30,fly v.,Liuxiang Jiongnai,jion1236,ʑi22,1
30,fly v.,Xiaozhai Younuo,youn1235,ɲi35,1
30,fly v.,Huangluo Younuo,youn1235,ɲi53,1
30,fly v.,Northern Pa-Hng,pahn1237,yei55,1
30,fly v.,Southern Pa-Hng,pahn1237,yı55,1
30,fly v.,Hm-Nai,wuna1248,yei55,1
31,foot,Western Xiangxi,nort2748,qo1=l̥ɔ1,1
31,foot,Eastern Xiangxi,east2371,qu53=ta33,2
31,foot,Qiandong,east2369,lo1,1
31,foot,Chuanqiandian,nort3244,teu44,2
31,foot,Diandongbei,larg1235,toey5,2
31,foot,Hmong Daw,hmon1333,kɔ4=tǝw4,2
32,full,Western Xiangxi,nort2748,pe3,1
32,full,Eastern Xiangxi,east2371,pe55,1
32,full,Qiandong,east2369,pɛ3,1
32,full,Chuanqiandian,nort3244,po3,1
32,full,Diandongbei,larg1235,pu3,1
32,full,Hmong Daw,hmon1333,pu3,1
32,full,Hmong Njua,hmon1264,pu2,1
32,full,Bunu,buna1273,puŋ3,1
32,full,Baonao,buna1273,lay6,2
32,full,Numao,numa1251,puŋ3,1
32,full,Longhua Jiongnai,jion1236,paŋ53,1
32,full,Liuxiang Jiongnai,jion1236,pã35,1
32,full,Xiaozhai Younuo,youn1235,puŋ22,1
32,full,Huangluo Younuo,youn1235,pou22,1
32,full,Northern Pa-Hng,pahn1237,paŋ22,1
32,full,Southern Pa-Hng,pahn1237,pɔ̃31,1
32,full,Hm-Nai,wuna1248,paŋ13,1
33,give,Western Xiangxi,nort2748,kaŋ6,1
33,give,Eastern Xiangxi,east2371,gɯ31,1
33,give,Qiandong,east2369,pɛ1,2
33,give,Chuanqiandian,nort3244,saŋ5,3
33,give,Diandongbei,larg1235,saɯ5-tʰao5,3
33,give,Hmong Daw,hmon1333,pu1,2
33,give,Hmong Njua,hmon1264,pu1,2
33,give,Xiaozhai Younuo,youn1235,haŋ33,4
33,give,Huangluo Younuo,youn1235,haŋ33,4
33,give,Northern Pa-Hng,pahn1237,ɕu44,5
33,give,Southern Pa-Hng,pahn1237,ɕɦʉ44,5
33,give,Hm-Nai,wuna1248,kuŋ31,1
34,good,Western Xiangxi,nort2748,ʐu5,1
34,good,Eastern Xiangxi,east2371,ʋ31,1
34,good,Qiandong,east2369,ɣu5,1
34,good,Chuanqiandian,nort3244,ʐoŋ5,1
34,good,Diandongbei,larg1235,zao5,1
34,good,Hmong Daw,hmon1333,žõ4,1
34,good,Hmong Njua,hmon1264,žoŋ3,1
34,good,Bunu,buna1273,ɣaŋ5,1
34,good,Baonao,buna1273,ɣɔŋ5,1
34,good,Numao,numa1251,ɣou5,1
34,good,Longhua Jiongnai,jion1236,ŋɔuŋ35,1
34,good,Liuxiang Jiongnai,jion1236,ŋɔ22,1
34,good,Xiaozhai Younuo,youn1235,ŋ̩35,1
34,good,Huangluo Younuo,youn1235,ŋ̩53,1
34,good,Northern Pa-Hng,pahn1237,nɛ44,2
34,good,Southern Pa-Hng,pahn1237,ntɦɛ44,2
34,good,Hm-Nai,wuna1248,yaŋ55,1
35,green,Western Xiangxi,nort2748,li̯o4,-1
35,green,Eastern Xiangxi,east2371,ʎɔ35,-1
35,green,Qiandong,east2369,niu4,1
35,green,Chuanqiandian,nort3244,nc̢ua1,1
35,green,Diandongbei,larg1235,nca1,1
35,green,Hmong Daw,hmon1333,nǯu̯ǝ1,1
35,green,Hmong Njua,hmon1264,ɲǯu̯a1,1
35,green,Bunu,buna1273,mpi̯u2,1
35,green,Baonao,buna1273,mpcau2,1
35,green,Numao,numa1251,mpi̯ɤ2,1
35,green,Longhua Jiongnai,jion1236,mpʰɔ44,1
35,green,Liuxiang Jiongnai,jion1236,wo21-hu43,2
35,green,Xiaozhai Younuo,youn1235,li̯e31,-1
35,green,Huangluo Younuo,youn1235,li̯u31,-1
35,green,Northern Pa-Hng,pahn1237,ni̯o35,1
35,green,Southern Pa-Hng,pahn1237,mpi̯o35,1
35,green,Hm-Nai,wuna1248,mpi̯o35,1
36,hair,Western Xiangxi,nort2748,pi1,1
36,hair,Eastern Xiangxi,east2371,ɭa31=pɹei55=pɹei53,1
36,hair,Qiandong,east2369,ɬiu1-fʰu3,1
36,hair,Chuanqiandian,nort3244,plǝu1-hǝu5,1
36,hair,Diandongbei,larg1235,ƛao1-fao5,1
36,hair,Hmong Daw,hmon1333,plɔw1-hɔw4,1
36,hair,Hmong Njua,hmon1264,plau1-hau3,1
36,hair,Bunu,buna1273,ƛa1-fa3,1
36,hair,Baonao,buna1273,ƛi̯a1-vɦi̯a3,1
36,hair,Numao,numa1251,ƛi̯u1-kʰɑn1,1
36,hair,Longhua Jiongnai,jion1236,ŋkau53=ple44,1
36,hair,Liuxiang Jiongnai,jion1236,ŋkɔ35=pley44,1
36,hair,Xiaozhai Younuo,youn1235,ha31=pi̯a33,1
36,hair,Huangluo Younuo,youn1235,ha22=pi̯a33,1
36,hair,Northern Pa-Hng,pahn1237,ti35,1
36,hair,Southern Pa-Hng,pahn1237,pi35,1
36,hair,Hm-Nai,wuna1248,pi35,1
37,hand,Western Xiangxi,nort2748,qo1=tɯ4,1
37,hand,Eastern Xiangxi,east2371,qu53=bʋ55,2
37,hand,Qiandong,east2369,pi4,1
37,hand,Chuanqiandian,nort3244,dʰe4,1
37,hand,Diandongbei,larg1235,ti4,1
37,hand,Hmong Daw,hmon1333,te5,1
37,hand,Hmong Njua,hmon1264,te6,1
37,hand,Bunu,buna1273,pe4,1
37,hand,Baonao,buna1273,pey4,1
37,hand,Numao,numa1251,pɑ4,1
37,hand,Longhua Jiongnai,jion1236,ča31,1
37,hand,Liuxiang Jiongnai,jion1236,ča53,1
37,hand,Xiaozhai Younuo,youn1235,tʰou22,1
37,hand,Huangluo Younuo,youn1235,tʰou22,1
37,hand,Northern Pa-Hng,pahn1237,qa44=pʋ22,1
37,hand,Southern Pa-Hng,pahn1237,tɦɤ33=pɦʉ31,1
37,hand,Hm-Nai,wuna1248,pu22,1
38,head,Western Xiangxi,nort2748,ko3=pɹei3,1
38,head,Eastern Xiangxi,east2371,ɭa31=pɹei55,1
38,head,Qiandong,east2369,qʰo1,2
38,head,Chuanqiandian,nort3244,hǝu5,1
38,head,Diandongbei,larg1235,fao3,1
38,head,Hmong Daw,hmon1333,tɔw1=hɔw4,1
38,head,Hmong Njua,hmon1264,tau1=hau3,1
38,head,Bunu,buna1273,fa3,1
38,head,Baonao,buna1273,vɦi̯a3,1
38,head,Numao,numa1251,kʰɑn1,3
38,head,Longhua Jiongnai,jion1236,ŋkau53,2
38,head,Liuxiang Jiongnai,jion1236,ŋkɔ35,2
38,head,Xiaozhai Younuo,youn1235,ha31=kʰɔ53,2
38,head,Huangluo Younuo,youn1235,ha22=kʰɔ53,2
38,head,Northern Pa-Hng,pahn1237,a33=toŋ33=ti22,1
38,head,Southern Pa-Hng,pahn1237,a44=ɕʉ55=pi31,1
38,head,Hm-Nai,wuna1248,naŋ35=ci13,1
39,hear,Western Xiangxi,nort2748,toŋ5,1
39,hear,Eastern Xiangxi,east2371,tʰɤ53,1
39,hear,Qiandong,east2369,coŋ1-nɛ2,2
39,hear,Chuanqiandian,nort3244,noŋ6,3
39,hear,Diandongbei,larg1235,nao6,3
39,hear,Hmong Daw,hmon1333,n̥ɔ3,3
39,hear,Hmong Njua,hmon1264,nao2,3
39,hear,Bunu,buna1273,ɕǝŋ5,4
39,hear,Baonao,buna1273,n̥i̯a3,3
39,hear,Numao,numa1251,n̥ey3,3
39,hear,Longhua Jiongnai,jion1236,n̥aŋ53,3
39,hear,Liuxiang Jiongnai,jion1236,n̥aŋ35,3
39,hear,Xiaozhai Younuo,youn1235,ɲuy35,3
39,hear,Huangluo Younuo,youn1235,ɲuy53,3
39,hear,Northern Pa-Hng,pahn1237,n̥oŋ22,3
39,hear,Southern Pa-Hng,pahn1237,n̥õ31,3
39,hear,Hm-Nai,wuna1248,ma55,5
40,heart,Western Xiangxi,nort2748,qo1=moŋ2,1
40,heart,Eastern Xiangxi,east2371,sen53-caŋ31,-1
40,heart,Qiandong,east2369,ɬiu3,2
40,heart,Chuanqiandian,nort3244,ʂa43=ɳc̢u7,3
40,heart,Diandongbei,larg1235,ƛoey3,2
40,heart,Hmong Daw,hmon1333,plǝw3,2
40,heart,Hmong Njua,hmon1264,plaʉ2,2
40,heart,Bunu,buna1273,pi3=so1,4
40,heart,Baonao,buna1273,ƛou3,2
40,heart,Numao,numa1251,ɲ̥uŋ3,5
40,heart,Longhua Jiongnai,jion1236,pa22=ʑɔuŋ33,6
40,heart,Liuxiang Jiongnai,jion1236,pa21=ʑaŋ31,6
40,heart,Xiaozhai Younuo,youn1235,fɔ22=sǝn33=l̥in33,7
40,heart,Huangluo Younuo,youn1235,l̥in33,7
40,heart,Northern Pa-Hng,pahn1237,a33=noŋ35,5
40,heart,Southern Pa-Hng,pahn1237,a44=ɕɔ̃53,8
40,heart,Hm-Nai,wuna1248,naŋ35=ɕuŋ53,8
41,horn,Western Xiangxi,nort2748,qo1=ki̯e1,1
42,I,Western Xiangxi,nort2748,we4,1
42,I,Eastern Xiangxi,east2371,we55,1
42,I,Qiandong,east2369,vi4,1
42,I,Chuanqiandian,nort3244,ko3,2
42,I,Diandongbei,larg1235,ku3,2
42,I,Hmong Daw,hmon1333,ku3,2
42,I,Hmong Njua,hmon1264,ku2,2
42,I,Bunu,buna1273,ɕuŋ3,3
42,I,Baonao,buna1273,kou3,2
42,I,Numao,numa1251,ɕuŋ3,3
42,I,Longhua Jiongnai,jion1236,va31,1
42,I,Liuxiang Jiongnai,jion1236,wa53,1
42,I,Xiaozhai Younuo,youn1235,vɔ22,1
42,I,Huangluo Younuo,youn1235,vɔ22,1
42,I,Northern Pa-Hng,pahn1237,vaŋ22,1
42,I,Southern Pa-Hng,pahn1237,vɦɔ̃31,1
42,I,Hm-Nai,wuna1248,waŋ22,1
43,kill,Western Xiangxi,nort2748,ta5,1
43,kill,Eastern Xiangxi,east2371,ta31,1
43,kill,Qiandong,east2369,ta5,1
43,kill,Chuanqiandian,nort3244,tua5,1
43,kill,Diandongbei,larg1235,ta5,1
43,kill,Hmong Daw,hmon1333,tu̯ǝ4,1
43,kill,Hmong Njua,hmon1264,tu̯a3,1
43,kill,Bunu,buna1273,tɔ5,1
43,kill,Baonao,buna1273,tu5,1
43,kill,Numao,numa1251,puŋ6,2
43,kill,Longhua Jiongnai,jion1236,ta35,1
43,kill,Liuxiang Jiongnai,jion1236,ta22,1
43,kill,Xiaozhai Younuo,youn1235,tɔ35,1
43,kill,Huangluo Younuo,youn1235,tɔ53,1
43,kill,Northern Pa-Hng,pahn1237,ta55,1
43,kill,Southern Pa-Hng,pahn1237,ta55,1
43,kill,Hm-Nai,wuna1248,ta55,1
44,knee,Western Xiangxi,nort2748,pi3=ɕɔ6,1
44,knee,Eastern Xiangxi,east2371,pi35=ʓɔ11,1
44,knee,Qiandong,east2369,po3=qo8=ɕu6,1
44,knee,Chuanqiandian,nort3244,hau3=ʒǝu6,1
44,knee,Diandongbei,larg1235,fao3=ɕao6,1
44,knee,Hmong Daw,hmon1333,hɔw3=ɕɔw6,1
44,knee,Hmong Njua,hmon1264,hau2=ɕau6,1
44,knee,Bunu,buna1273,fa3=ɕa6,1
44,knee,Baonao,buna1273,vɦi̯a3=ɕa6,1
44,knee,Numao,numa1251,kön3=ɕou6,1
44,knee,Longhua Jiongnai,jion1236,ði̯eu53-ŋkau53,2
44,knee,Liuxiang Jiongnai,jion1236,hɔ35=li̯eu35,2
44,knee,Xiaozhai Younuo,youn1235,fɔ33=ti22=ku22,3
44,knee,Huangluo Younuo,youn1235,tou53=kʰuy31,4
44,knee,Northern Pa-Hng,pahn1237,pɔ35=ɕi44,1
44,knee,Southern Pa-Hng,pahn1237,a44=qɦɔ31=ɕɦi44,1
44,knee,Hm-Nai,wuna1248,kʰɯŋ55=ɕi31,1
45,know,Western Xiangxi,nort2748,ni̯ɛ̃4,1
45,know,Eastern Xiangxi,east2371,pi53,2
45,know,Qiandong,east2369,pu1,2
45,know,Chuanqiandian,nort3244,pǝu1,2
45,know,Diandongbei,larg1235,pao1,2
45,know,Hmong Daw,hmon1333,pɔw1,2
45,know,Hmong Njua,hmon1264,pau1,2
45,know,Bunu,buna1273,pa1,2
45,know,Baonao,buna1273,pi̯a1,2
45,know,Numao,numa1251,pu1,2
45,know,Longhua Jiongnai,jion1236,pe44,2
45,know,Liuxiang Jiongnai,jion1236,pey44,2
45,know,Xiaozhai Younuo,youn1235,tou22=pɔ33,2
45,know,Huangluo Younuo,youn1235,tou22=pɔ33,2
45,know,Northern Pa-Hng,pahn1237,ko53=pi35,2
45,know,Southern Pa-Hng,pahn1237,pı35,2
45,know,Hm-Nai,wuna1248,pi35-to13,2
46,leaf,Western Xiangxi,nort2748,qo1=nu2,1
46,leaf,Eastern Xiangxi,east2371,qu53=nu31,1
46,leaf,Qiandong,east2369,qa1=nǝu2,1
46,leaf,Chuanqiandian,nort3244,mploŋ2,1
46,leaf,Diandongbei,larg1235,a5=nƛao2,1
46,leaf,Hmong Daw,hmon1333,mblõ2,1
46,leaf,Hmong Njua,hmon1264,mbloŋ5,1
46,leaf,Bunu,buna1273,nƛaŋ2,1
46,leaf,Baonao,buna1273,nƛɔŋ2,1
46,leaf,Numao,numa1251,ƛi̯ou2,1
46,leaf,Longhua Jiongnai,jion1236,mplɔŋ33,1
46,leaf,Liuxiang Jiongnai,jion1236,mplaŋ31,1
46,leaf,Xiaozhai Younuo,youn1235,mi̯oŋ13,1
46,leaf,Huangluo Younuo,youn1235,mi̯oŋ13,1
46,leaf,Northern Pa-Hng,pahn1237,qa22=ni̯aŋ33,1
46,leaf,Southern Pa-Hng,pahn1237,qa31=mpɦi̯o33,1
46,leaf,Hm-Nai,wuna1248,nuŋ33,1
47,lie,Western Xiangxi,nort2748,pɤ5,1
47,lie,Qiandong,east2369,pi5,1
47,lie,Chuanqiandian,nort3244,pu5,1
47,lie,Diandongbei,larg1235,pü5,1
47,lie,Hmong Daw,hmon1333,pɨ3,1
47,lie,Hmong Njua,hmon1264,pʉ3,1
48,liver,Western Xiangxi,nort2748,ʂɛ̃1,1
49,long,Western Xiangxi,nort2748,ntɯ3,1
49,long,Eastern Xiangxi,east2371,du55,1
49,long,Qiandong,east2369,ta3,1
49,long,Chuanqiandian,nort3244,nte3,1
49,long,Diandongbei,larg1235,nti3,1
49,long,Hmong Daw,hmon1333,nte3,1
49,long,Hmong Njua,hmon1264,nde2,1
49,long,Bunu,buna1273,nte3,1
49,long,Baonao,buna1273,ntey3,1
49,long,Numao,numa1251,ntɑ3,1
49,long,Longhua Jiongnai,jion1236,ða53,2
49,long,Liuxiang Jiongnai,jion1236,la35,2
49,long,Xiaozhai Younuo,youn1235,nou22,3
49,long,Huangluo Younuo,youn1235,nau22,3
49,long,Northern Pa-Hng,pahn1237,to22,1
49,long,Southern Pa-Hng,pahn1237,to31,1
49,long,Hm-Nai,wuna1248,to13,1
50,louse,Western Xiangxi,nort2748,ta1=te3,1
50,louse,Eastern Xiangxi,east2371,te55,1
50,louse,Qiandong,east2369,kaŋ1=ɕhu3,1
50,louse,Chuanqiandian,nort3244,to3,1
50,louse,Diandongbei,larg1235,ɳc̢ʰao3,1
50,louse,Hmong Daw,hmon1333,nčʰɔw3,1
50,louse,Hmong Njua,hmon1264,ɲʰau2 ~ ɲčʰau2,1
50,louse,Bunu,buna1273,ka1=tuŋ3,1
50,louse,Baonao,buna1273,ɕey1=tɔ3,1
50,louse,Numao,numa1251,tuŋ3,1
50,louse,Longhua Jiongnai,jion1236,taŋ53,1
50,louse,Liuxiang Jiongnai,jion1236,tã35,1
50,louse,Xiaozhai Younuo,youn1235,ma53=tuŋ22,1
50,louse,Huangluo Younuo,youn1235,ma53=tou22,1
50,louse,Northern Pa-Hng,pahn1237,naŋ22,1
50,louse,Southern Pa-Hng,pahn1237,ŋ̩31=nɔ̃31,1
50,louse,Hm-Nai,wuna1248,ntaŋ13,1
51,man,Western Xiangxi,nort2748,qo1=ni5,1
52,many,Western Xiangxi,nort2748,l̥i̯o1,1
52,many,Eastern Xiangxi,east2371,ɕɯ53,3
52,many,Qiandong,east2369,no5,2
52,many,Chuanqiandian,nort3244,ntǝu5,2
52,many,Diandongbei,larg1235,ɕao1,3
52,many,Hmong Daw,hmon1333,ndɔw4,2
52,many,Hmong Njua,hmon1264,ndau3,2
52,many,Bunu,buna1273,ntau5,2
52,many,Baonao,buna1273,ntaǝ5,2
52,many,Numao,numa1251,ntöy5,2
52,many,Longhua Jiongnai,jion1236,ntey35,2
52,many,Liuxiang Jiongnai,jion1236,ntay22,2
52,many,Xiaozhai Younuo,youn1235,tʰeŋ33=au35,4
52,many,Huangluo Younuo,youn1235,au53-au53,4
52,many,Northern Pa-Hng,pahn1237,ɕaŋ35,3
52,many,Southern Pa-Hng,pahn1237,ɕɔ̃35,3
52,many,Hm-Nai,wuna1248,ɕuŋ35,3
53,meat,Western Xiangxi,nort2748,ni̯ä2,1
53,meat,Eastern Xiangxi,east2371,ŋa31,1
53,meat,Qiandong,east2369,ŋi2,1
53,meat,Chuanqiandian,nort3244,nqa2,1
53,meat,Diandongbei,larg1235,qay2,1
53,meat,Hmong Daw,hmon1333,nqay2,1
53,meat,Hmong Njua,hmon1264,ŋɢa5,1
53,meat,Bunu,buna1273,ŋka2,1
53,meat,Baonao,buna1273,ŋki̯a2,1
53,meat,Numao,numa1251,ŋkɑ2,1
53,meat,Longhua Jiongnai,jion1236,ŋkay33,1
53,meat,Liuxiang Jiongnai,jion1236,ŋkɛ31,1
53,meat,Xiaozhai Younuo,youn1235,pe33,2
53,meat,Huangluo Younuo,youn1235,pe33,2
53,meat,Northern Pa-Hng,pahn1237,ŋɛ33,1
53,meat,Southern Pa-Hng,pahn1237,ɴqɦɛ33,1
53,meat,Hm-Nai,wuna1248,ɴqai33,1
54,moon,Western Xiangxi,nort2748,qe1=l̥a4,1
54,moon,Eastern Xiangxi,east2371,ɭ̥ʰa31,1
54,moon,Qiandong,east2369,l̥ʰa5,1
54,moon,Chuanqiandian,nort3244,ɬi5,1
54,moon,Diandongbei,larg1235,l̥i7,1
54,moon,Hmong Daw,hmon1333,l̥i4,1
54,moon,Hmong Njua,hmon1264,ɬi3,1
54,moon,Bunu,buna1273,po3=ɬo5,1
54,moon,Baonao,buna1273,vei3=lʰou5,1
54,moon,Numao,numa1251,l̥o5,1
54,moon,Longhua Jiongnai,jion1236,l̥e35,1
54,moon,Liuxiang Jiongnai,jion1236,l̥ei22,1
54,moon,Xiaozhai Younuo,youn1235,ha31=la35,1
54,moon,Huangluo Younuo,youn1235,kwǝn22=la53,1
54,moon,Northern Pa-Hng,pahn1237,a33=l̥a55-qa22=ma22,1
54,moon,Southern Pa-Hng,pahn1237,a44=l̥a55,1
54,moon,Hm-Nai,wuna1248,naŋ35=l̥a55,1
55,mountain,Western Xiangxi,nort2748,pi3=qɤ4,1
55,mountain,Eastern Xiangxi,east2371,qu53=ʑe31,2
55,mountain,Qiandong,east2369,pi4,3
55,mountain,Chuanqiandian,nort3244,tao2,4
55,mountain,Diandongbei,larg1235,ʈao2,4
55,mountain,Hmong Daw,hmon1333,ʈõ1,4
55,mountain,Hmong Njua,hmon1264,oŋ1,4
55,mountain,Bunu,buna1273,θau2a,4
55,mountain,Baonao,buna1273,ɣey6,5
55,mountain,Numao,numa1251,ɣɑn6,5
55,mountain,Longhua Jiongnai,jion1236,ŋki̯ɔŋ53 ~ ki̯ɔŋ33,6
55,mountain,Liuxiang Jiongnai,jion1236,či43,7
55,mountain,Xiaozhai Younuo,youn1235,kǝ33=koŋ13,6
55,mountain,Huangluo Younuo,youn1235,koŋ13,6
55,mountain,Northern Pa-Hng,pahn1237,tei33=kɛ55,1
55,mountain,Southern Pa-Hng,pahn1237,a44=yɔ̃31,8
55,mountain,Hm-Nai,wuna1248,yuŋ13,8
56,mouth,Western Xiangxi,nort2748,qa3=lo5,1
56,mouth,Eastern Xiangxi,east2371,pa35=ɳɔ31,2
56,mouth,Qiandong,east2369,lo5,1
56,mouth,Chuanqiandian,nort3244,nɕǝu2,2
56,mouth,Diandongbei,larg1235,a5=ɕao2,2
56,mouth,Hmong Daw,hmon1333,qʰɔ3=ɲʓɔw2,2
56,mouth,Hmong Njua,hmon1264,ɲʓau5,2
56,mouth,Bunu,buna1273,nɕu2,2
56,mouth,Baonao,buna1273,kǝ3=ɲɕau2,2
56,mouth,Numao,numa1251,lɑu5,1
56,mouth,Longhua Jiongnai,jion1236,nti̯ɔ33,2
56,mouth,Liuxiang Jiongnai,jion1236,nti̯eu31,2
56,mouth,Xiaozhai Younuo,youn1235,pǝ31=li̯o33,1
56,mouth,Huangluo Younuo,youn1235,pǝ31=li̯o33,1
56,mouth,Northern Pa-Hng,pahn1237,a33=la55,1
56,mouth,Southern Pa-Hng,pahn1237,a44=la55,1
56,mouth,Hm-Nai,wuna1248,naŋ35=la55,1
57,name,Western Xiangxi,nort2748,mpu5,1
57,name,Eastern Xiangxi,east2371,bu31,1
57,name,Qiandong,east2369,naŋ2=pi5,1
57,name,Chuanqiandian,nort3244,mpe5,1
57,name,Diandongbei,larg1235,nci5,1
57,name,Hmong Daw,hmon1333,mbe4,1
57,name,Hmong Njua,hmon1264,mbe3,1
57,name,Bunu,buna1273,mpe5,1
57,name,Baonao,buna1273,mpey5,1
57,name,Numao,numa1251,mpɑ5,1
57,name,Longhua Jiongnai,jion1236,mpa35,1
57,name,Liuxiang Jiongnai,jion1236,mpa22,1
57,name,Xiaozhai Younuo,youn1235,mu35-hou31,1
57,name,Huangluo Younuo,youn1235,mu53,1
57,name,Northern Pa-Hng,pahn1237,a33=mu55,1
57,name,Southern Pa-Hng,pahn1237,a44=mpo55,1
57,name,Hm-Nai,wuna1248,naŋ35=mi̯aŋ33,2
58,neck,Western Xiangxi,nort2748,soŋ3=nqoŋ3,1
58,neck,Eastern Xiangxi,east2371,qɔ55=qɯ55,1
58,neck,Qiandong,east2369,qa1=qoŋ3,1
58,neck,Hmong Daw,hmon1333,ɕa2=ʼda1,2
58,neck,Hmong Njua,hmon1264,kaʉ3=ƛaŋ1,1
58,neck,Bunu,buna1273,kuŋ1=ƛǝŋ1,1
58,neck,Baonao,buna1273,kɔ1=ƛɒ1,1
58,neck,Numao,numa1251,ƛi̯ɑn1,1
58,neck,Longhua Jiongnai,jion1236,kaŋ53,1
58,neck,Liuxiang Jiongnai,jion1236,kaŋ35,1
58,neck,Xiaozhai Younuo,youn1235,kǝ53=kaŋ33,1
58,neck,Huangluo Younuo,youn1235,kǝ53=kaŋ33,1
58,neck,Northern Pa-Hng,pahn1237,a33=ŋɔŋ22,1
58,neck,Southern Pa-Hng,pahn1237,a44=ŋɔ̃31,1
58,neck,Hm-Nai,wuna1248,naŋ35=ɴquŋ13,1
59,new,Western Xiangxi,nort2748,ʆɛ̃1,1
60,night,Western Xiangxi,nort2748,m̥aŋ5,1
60,night,Eastern Xiangxi,east2371,xuŋ53=m̥ʰaŋ31,1
60,night,Qiandong,east2369,m̥ʰaŋ5,1
60,night,Hmong Daw,hmon1333,m̥ɔ4,1
60,night,Hmong Njua,hmon1264,mao3,1
60,night,Longhua Jiongnai,jion1236,nčaŋ22,2
60,night,Liuxiang Jiongnai,jion1236,nčã21,2
60,night,Northern Pa-Hng,pahn1237,qa22=ma22,3
60,night,Southern Pa-Hng,pahn1237,qa31=mɦa31,3
60,night,Hm-Nai,wuna1248,qa31=ma22,3
61,nose,Western Xiangxi,nort2748,pa3=mɹɤ6,1
61,nose,Eastern Xiangxi,east2371,duŋ55=mi̯a11,1
61,nose,Qiandong,east2369,po3=nɛ6,1
61,nose,Chuanqiandian,nort3244,ci5=ɳᶚu6,1
61,nose,Diandongbei,larg1235,a1=mpü6,1
61,nose,Hmong Daw,hmon1333,nǯɨ6,1
62,not,Western Xiangxi,nort2748,ɕe2,1
62,not,Eastern Xiangxi,east2371,a35,2
62,not,Qiandong,east2369,a2,2
62,not,Chuanqiandian,nort3244,c̢i5,1
62,not,Diandongbei,larg1235,hi5,3
62,not,Hmong Daw,hmon1333,či5,1
62,not,Hmong Njua,hmon1264,čɨ3,1
62,not,Bunu,buna1273,ma2,4
62,not,Baonao,buna1273,maǝ2,4
62,not,Numao,numa1251,moŋ2,4
62,not,Longhua Jiongnai,jion1236,ŋ̩53,4
62,not,Liuxiang Jiongnai,jion1236,m̩35,4
62,not,Xiaozhai Younuo,youn1235,mɔ22,4
62,not,Huangluo Younuo,youn1235,mɔ22,4
62,not,Northern Pa-Hng,pahn1237,ŋ̩35,4
62,not,Southern Pa-Hng,pahn1237,ŋ̩ɦ33,4
62,not,Hm-Nai,wuna1248,a53,2
63,one,Western Xiangxi,nort2748,a3,1
63,one,Eastern Xiangxi,east2371,a55,1
63,one,Qiandong,east2369,i1,1
63,one,Chuanqiandian,nort3244,ʔi1,1
63,one,Diandongbei,larg1235,i1,1
63,one,Hmong Daw,hmon1333,i1,1
63,one,Hmong Njua,hmon1264,ʔi1,1
63,one,Bunu,buna1273,i1,1
63,one,Baonao,buna1273,i1,1
63,one,Numao,numa1251,ɕü1,2
63,one,Longhua Jiongnai,jion1236,i53,1
63,one,Liuxiang Jiongnai,jion1236,i35,1
63,one,Xiaozhai Younuo,youn1235,ʑe22,3
63,one,Huangluo Younuo,youn1235,ʑe22,3
63,one,Northern Pa-Hng,pahn1237,yi22,1
63,one,Southern Pa-Hng,pahn1237,yɦʉ31,1
63,one,Hm-Nai,wuna1248,i13,1
64,person,Western Xiangxi,nort2748,ne2,1
64,person,Eastern Xiangxi,east2371,ne31,1
64,person,Qiandong,east2369,nɛ2,1
64,person,Chuanqiandian,nort3244,nen1,1
64,person,Diandongbei,larg1235,tɯ1=nɯ1,1
64,person,Hmong Daw,hmon1333,nɤ̃6,1
64,person,Hmong Njua,hmon1264,neŋ5,1
64,person,Bunu,buna1273,no2,1
64,person,Baonao,buna1273,nou2,1
64,person,Numao,numa1251,nu2,1
64,person,Longhua Jiongnai,jion1236,nay33,1
64,person,Liuxiang Jiongnai,jion1236,nɛ31,1
64,person,Xiaozhai Younuo,youn1235,nɔ13,1
64,person,Huangluo Younuo,youn1235,nɔ13,1
64,person,Northern Pa-Hng,pahn1237,ni̯ɛ33,1
64,person,Southern Pa-Hng,pahn1237,a44=mɦi̯ɛ33,1
64,person,Hm-Nai,wuna1248,nai33,1
65,rain,Western Xiangxi,nort2748,noŋ6,1
65,rain,Eastern Xiangxi,east2371,naŋ35,1
65,rain,Qiandong,east2369,noŋ6,1
65,rain,Chuanqiandian,nort3244,naŋ6,1
65,rain,Diandongbei,larg1235,naɯ6,1
65,rain,Hmong Daw,hmon1333,na6,1
65,rain,Hmong Njua,hmon1264,naŋ6,1
65,rain,Bunu,buna1273,aŋ1=nɔŋ6,1
65,rain,Baonao,buna1273,nɒ6,1
65,rain,Numao,numa1251,noŋ6,1
65,rain,Longhua Jiongnai,jion1236,naŋ22,1
65,rain,Liuxiang Jiongnai,jion1236,naŋ21,1
65,rain,Xiaozhai Younuo,youn1235,lǝŋ33=ŋa31,1
65,rain,Huangluo Younuo,youn1235,lǝ33=ŋa22,1
65,rain,Northern Pa-Hng,pahn1237,aŋ35=moŋ44,1
65,rain,Southern Pa-Hng,pahn1237,ɔ̃35=mõ44,1
65,rain,Hm-Nai,wuna1248,nuŋ31,1
66,red,Western Xiangxi,nort2748,ɲɕʰin5,1
66,red,Eastern Xiangxi,east2371,cʰe31,1
66,red,Qiandong,east2369,ʃo7,2
66,red,Chuanqiandian,nort3244,la1,3
66,red,Diandongbei,larg1235,lie1,3
66,red,Hmong Daw,hmon1333,li̯a1,3
66,red,Hmong Njua,hmon1264,la1,3
66,red,Bunu,buna1273,lǝŋ1,3
66,red,Baonao,buna1273,lɒ1,3
66,red,Numao,numa1251,lɑn1,3
66,red,Longhua Jiongnai,jion1236,θi35,1
66,red,Liuxiang Jiongnai,jion1236,θi22,1
66,red,Xiaozhai Younuo,youn1235,cʰun35,1
66,red,Huangluo Younuo,youn1235,cʰun53,1
66,red,Northern Pa-Hng,pahn1237,tai44,4
66,red,Southern Pa-Hng,pahn1237,tɦɤ44,4
66,red,Hm-Nai,wuna1248,tai31,4
67,road,Western Xiangxi,nort2748,ne3=kɯ3,1
67,road,Eastern Xiangxi,east2371,mɔ31=kʋ55,1
67,road,Qiandong,east2369,ki3,1
67,road,Chuanqiandian,nort3244,ke3,1
67,road,Diandongbei,larg1235,ɕi3,1
67,road,Hmong Daw,hmon1333,ke3,1
67,road,Hmong Njua,hmon1264,ke2 ~ ki2,1
67,road,Bunu,buna1273,ki̯e3,1
67,road,Baonao,buna1273,ɕe3,1
67,road,Numao,numa1251,ki̯ey3,1
67,road,Longhua Jiongnai,jion1236,ki̯a53,1
67,road,Liuxiang Jiongnai,jion1236,ki̯a35,1
67,road,Xiaozhai Younuo,youn1235,kou22,1
67,road,Huangluo Younuo,youn1235,kou22,1
67,road,Northern Pa-Hng,pahn1237,qo22,1
67,road,Southern Pa-Hng,pahn1237,qo31,1
67,road,Hm-Nai,wuna1248,qo13,1
68,root,Western Xiangxi,nort2748,pa3=ɕoŋ2,1
68,root,Eastern Xiangxi,east2371,gɯ33-gɯ33,2
68,root,Qiandong,east2369,ɕoŋ2,1
68,root,Chuanqiandian,nort3244,ɕaŋ2,1
68,root,Diandongbei,larg1235,a1=ɕaɯ1,1
68,root,Hmong Daw,hmon1333,ɕa6,3
68,root,Hmong Njua,hmon1264,ɕaŋ6,3
68,root,Bunu,buna1273,ka3=ɕɔŋ2,1
68,root,Baonao,buna1273,kǝ3=ɕo2,1
68,root,Numao,numa1251,ɕoŋ2,1
68,root,Longhua Jiongnai,jion1236,ka44,4
68,root,Liuxiang Jiongnai,jion1236,čaŋ31,1
68,root,Xiaozhai Younuo,youn1235,fɔ33=kǝ33=ti̯aŋ13,1
68,root,Huangluo Younuo,youn1235,fɔ33=tǝ33=ti̯aŋ13,1
68,root,Northern Pa-Hng,pahn1237,koŋ33-ti̯a35,1
68,root,Southern Pa-Hng,pahn1237,qɔ̃33-pi̯a35,1
68,root,Hm-Nai,wuna1248,kuŋ33-ca35,1
69,round,Western Xiangxi,nort2748,ʑɛ̃4,1
69,round,Qiandong,east2369,ɬen2,2
69,round,Chuanqiandian,nort3244,kʰun2,3
69,round,Diandongbei,larg1235,qo3=lo8,4
69,round,Hmong Daw,hmon1333,kʰɤ̃2,3
69,round,Hmong Njua,hmon1264,qʰeŋ5 ~ kʰeŋ5,3
69,round,Bunu,buna1273,θu6=luŋ1,5
69,round,Baonao,buna1273,tɒ2,6
69,round,Numao,numa1251,pu2,7
69,round,Longhua Jiongnai,jion1236,klwey33,8
69,round,Liuxiang Jiongnai,jion1236,klwey31,8
69,round,Xiaozhai Younuo,youn1235,lun33,9
69,round,Huangluo Younuo,youn1235,lun33,9
69,round,Northern Pa-Hng,pahn1237,qa33=laŋ33,9
69,round,Southern Pa-Hng,pahn1237,qɔ̃35=lɦɔ̃31,9
69,round,Hm-Nai,wuna1248,lai35,9
70,sand,Western Xiangxi,nort2748,qo1=cʰä5,1
71,say,Western Xiangxi,nort2748,pʰu3,1
71,say,Eastern Xiangxi,east2371,ɕʰe35,2
71,say,Qiandong,east2369,ho5,2
71,say,Chuanqiandian,nort3244,hay7,2
71,say,Diandongbei,larg1235,hi7,2
71,say,Hmong Daw,hmon1333,hay5,2
71,say,Hmong Njua,hmon1264,ha4,2
71,say,Bunu,buna1273,tɯ2,3
71,say,Baonao,buna1273,ɕi4,4
71,say,Numao,numa1251,ɕou6,5
71,say,Longhua Jiongnai,jion1236,čɔuŋ22,5
71,say,Liuxiang Jiongnai,jion1236,čaŋ21,5
71,say,Northern Pa-Hng,pahn1237,kaŋ22,6
71,say,Southern Pa-Hng,pahn1237,kɔ̃31,6
71,say,Hm-Nai,wuna1248,kuŋ13,6
72,see,Western Xiangxi,nort2748,qɛ̃6 ,1
72,see,Eastern Xiangxi,east2371,ʆaŋ31=ca55,4
72,see,Qiandong,east2369,poŋ8,2
72,see,Chuanqiandian,nort3244,po8,2
72,see,Diandongbei,larg1235,po8,2
72,see,Hmong Daw,hmon1333,pɔ7,2
72,see,Hmong Njua,hmon1264,pu7,2
72,see,Bunu,buna1273,pɔ8,2
72,see,Baonao,buna1273,puɔ8,2
72,see,Numao,numa1251,pǝu8,2
72,see,Longhua Jiongnai,jion1236,leŋ35=pu32,2
72,see,Liuxiang Jiongnai,jion1236,leŋ22=pu32,2
72,see,Xiaozhai Younuo,youn1235,maŋ35=cʰu22,3
72,see,Huangluo Younuo,youn1235,maŋ53=cʰo22,3
72,see,Northern Pa-Hng,pahn1237,pa31,2
72,see,Southern Pa-Hng,pahn1237,pɦa31,2
72,see,Hm-Nai,wuna1248,pʰa31,2
72,see,Xiaozhai Younuo,youn1235,tǝ33=pu31,2
73,seed,Western Xiangxi,nort2748,qo1=ɳu1,1
73,seed,Eastern Xiangxi,east2371,ɲɯ53,1
73,seed,Qiandong,east2369,n̥ʰiu1,1
74,sit,Western Xiangxi,nort2748,ɕoŋ5,1
74,sit,Eastern Xiangxi,east2371,tʰɛ55-pya35,5
74,sit,Qiandong,east2369,niaŋ1,2
74,sit,Chuanqiandian,nort3244,ɲao1,2
74,sit,Diandongbei,larg1235,nio1,2
74,sit,Hmong Daw,hmon1333,žɔw7,3
74,sit,Hmong Njua,hmon1264,ɲao3,2
74,sit,Bunu,buna1273,ɲi1,2
74,sit,Baonao,buna1273,ɲa1,2
74,sit,Numao,numa1251,ɲe1,2
74,sit,Longhua Jiongnai,jion1236,ɲaŋ44,2
74,sit,Liuxiang Jiongnai,jion1236,ɲaŋ44,2
74,sit,Xiaozhai Younuo,youn1235,ti̯aŋ35,4
74,sit,Huangluo Younuo,youn1235,ti̯aŋ53,4
74,sit,Northern Pa-Hng,pahn1237,ɲoŋ35,2
74,sit,Southern Pa-Hng,pahn1237,ɲõ35,2
74,sit,Hm-Nai,wuna1248,ɲɕo31,2
75,skin,Western Xiangxi,nort2748,qo1=ki̯ɔ5,1
75,skin,Eastern Xiangxi,east2371,ɕɔ31-ɕɔ31,1
75,skin,Qiandong,east2369,tu3,2
75,skin,Chuanqiandian,nort3244,teu5,2
75,skin,Diandongbei,larg1235,pi5=toey3,2
75,skin,Hmong Daw,hmon1333,tǝw3,2
75,skin,Hmong Njua,hmon1264,taʉ2,2
75,skin,Bunu,buna1273,ka3=ƛau5,3
75,skin,Baonao,buna1273,kǝ3=ƛaǝ5,3
75,skin,Numao,numa1251,ƛü5,3
75,skin,Longhua Jiongnai,jion1236,ki̯eu35,1
75,skin,Liuxiang Jiongnai,jion1236,ki̯eu22,1
75,skin,Xiaozhai Younuo,youn1235,ku35,1
75,skin,Huangluo Younuo,youn1235,ku53,1
75,skin,Northern Pa-Hng,pahn1237,qa22=li̯u55,4
75,skin,Southern Pa-Hng,pahn1237,qa31=li̯ʉ55,4
75,skin,Hm-Nai,wuna1248,qʰau35,5
76,sleep,Western Xiangxi,nort2748,pɤ5=nqu̯e1,1
76,sleep,Eastern Xiangxi,east2371,pa31 #,2
76,sleep,Qiandong,east2369,pi5,2
76,sleep,Chuanqiandian,nort3244,pu5,2
76,sleep,Diandongbei,larg1235,pu5,2
76,sleep,Hmong Daw,hmon1333,ndu1,3
76,sleep,Hmong Njua,hmon1264,čau6-žu6,4
76,sleep,Bunu,buna1273,pau5,2
76,sleep,Baonao,buna1273,paǝ5,2
76,sleep,Numao,numa1251,puey5,2
76,sleep,Longhua Jiongnai,jion1236,pau35,2
76,sleep,Liuxiang Jiongnai,jion1236,pɔ22,2
76,sleep,Xiaozhai Younuo,youn1235,puy35,2
76,sleep,Huangluo Younuo,youn1235,puy53,2
76,sleep,Northern Pa-Hng,pahn1237,vaŋ35,5
76,sleep,Southern Pa-Hng,pahn1237,pɤ55,2
76,sleep,Hm-Nai,wuna1248,pei55,2
77,small,Western Xiangxi,nort2748,ʆu1,1
77,small,Eastern Xiangxi,east2371,ɲa35,6
77,small,Qiandong,east2369,ʑu5,1
77,small,Chuanqiandian,nort3244,ʑǝu5,1
77,small,Diandongbei,larg1235,ʂao1,2
77,small,Hmong Daw,hmon1333,me4,3
77,small,Hmong Njua,hmon1264,mi2,3
77,small,Bunu,buna1273,vi3,3
77,small,Baonao,buna1273,yau5,1
77,small,Numao,numa1251,yǝŋ3,4
77,small,Longhua Jiongnai,jion1236,ʑu35,1
77,small,Liuxiang Jiongnai,jion1236,ʑu22,1
77,small,Xiaozhai Younuo,youn1235,l̥e53,5
77,small,Huangluo Younuo,youn1235,l̥e53,5
77,small,Northern Pa-Hng,pahn1237,yu55,1
77,small,Southern Pa-Hng,pahn1237,yʉ55,1
77,small,Hm-Nai,wuna1248,yu55,1
77,small,Hmong Njua,hmon1264,yau3 ~ yau6,1
78,smoke,Western Xiangxi,nort2748,qo1=ɲɕʰo5,1
78,smoke,Eastern Xiangxi,east2371,ɕɔ35-kʰa55,1
78,smoke,Qiandong,east2369,ǝu1=i1,2
78,smoke,Chuanqiandian,nort3244,paŋ5=nɕʰo5,1
78,smoke,Diandongbei,larg1235,paɯ5=nɕʰo5 ,1
78,smoke,Hmong Daw,hmon1333,ɲɕʰɔ4 #,1
78,smoke,Hmong Njua,hmon1264,paŋ3-taʉ6,3
78,smoke,Bunu,buna1273,ka3=pɔŋ5-to4,3
78,smoke,Baonao,buna1273,pɒ5-tiu4,3
78,smoke,Longhua Jiongnai,jion1236,tau31=ɔ43,4
78,smoke,Liuxiang Jiongnai,jion1236,tɔ53=nǝu22,5
78,smoke,Xiaozhai Younuo,youn1235,to22=ʑin33,6
78,smoke,Huangluo Younuo,youn1235,ʑin33,6
78,smoke,Northern Pa-Hng,pahn1237,qa22=u35,4
78,smoke,Southern Pa-Hng,pahn1237,qa31=ʉ35,4
78,smoke,Hm-Nai,wuna1248,u35-tou22,4
79,stand,Western Xiangxi,nort2748,ʆɤ3,1
79,stand,Qiandong,east2369,ʃʰu3,1
79,stand,Hmong Daw,hmon1333,šǝw3,1
79,stand,Hmong Njua,hmon1264,šaʉ2-ɲǯu6,1
79,stand,Bunu,buna1273,sʰo3,1
79,stand,Baonao,buna1273,sʰou3,1
79,stand,Numao,numa1251,sɑu6,1
79,stand,Longhua Jiongnai,jion1236,θi̯au53,1
79,stand,Liuxiang Jiongnai,jion1236,θɔ35,1
79,stand,Xiaozhai Younuo,youn1235,so22,1
79,stand,Huangluo Younuo,youn1235,so22,1
79,stand,Northern Pa-Hng,pahn1237,ɕa44,2
79,stand,Southern Pa-Hng,pahn1237,ɕɦa44,2
79,stand,Hm-Nai,wuna1248,ʆou13,1
80,star,Western Xiangxi,nort2748,te1=qe1-l̥a5,1
80,star,Eastern Xiangxi,east2371,qei53,1
80,star,Qiandong,east2369,tɛ1=qɛ1,1
80,star,Chuanqiandian,nort3244,n̥o1=qo1 ,1
80,star,Diandongbei,larg1235,n̥u1=qu1 ,1
80,star,Hmong Daw,hmon1333,n̥u1=qu1 ,1
80,star,Hmong Njua,hmon1264,nu1=qu1,1
80,star,Bunu,buna1273,ɕe1=kuŋ1,1
80,star,Baonao,buna1273,tɔ1=kɔ1,1
80,star,Numao,numa1251,kuŋ1,1
80,star,Longhua Jiongnai,jion1236,ka44=ntaŋ44,2
80,star,Liuxiang Jiongnai,jion1236,ka44=ntaŋ44,2
80,star,Xiaozhai Younuo,youn1235,l̥in33-tay35,3
80,star,Huangluo Younuo,youn1235,lin33-tay53,3
80,star,Northern Pa-Hng,pahn1237,a33=qaŋ35,1
80,star,Southern Pa-Hng,pahn1237,a44=qɔ̃35,1
80,star,Hm-Nai,wuna1248,naŋ35=qaŋ35,1
81,stone,Western Xiangxi,nort2748,qo1=ʐɯ1,1
81,stone,Eastern Xiangxi,east2371,qu53=ʋ53,1
81,stone,Qiandong,east2369,po3=ɣi1,1
81,stone,Chuanqiandian,nort3244,ʐe1,1
81,stone,Diandongbei,larg1235,a1=vǝ1,1
81,stone,Hmong Daw,hmon1333,pɔ1=že1,1
81,stone,Hmong Njua,hmon1264,že1,1
81,stone,Bunu,buna1273,fa3=ɣe1,1
81,stone,Baonao,buna1273,ɣey1,1
81,stone,Numao,numa1251,ɣey1,1
81,stone,Longhua Jiongnai,jion1236,ŋki̯a44,1
81,stone,Liuxiang Jiongnai,jion1236,ʑa44,1
81,stone,Xiaozhai Younuo,youn1235,ha22=vi̯e33,1
81,stone,Huangluo Younuo,youn1235,ha22=vey33,1
81,stone,Northern Pa-Hng,pahn1237,qa22=yo35,1
81,stone,Southern Pa-Hng,pahn1237,qa31=yo35,1
81,stone,Hm-Nai,wuna1248,nti̯ou33=ci13=yo35,1
82,sun,Western Xiangxi,nort2748,n̥e1,1
82,sun,Eastern Xiangxi,east2371,qʰa35=n̥ʰe53,1
82,sun,Qiandong,east2369,n̥ʰɛ1,1
82,sun,Chuanqiandian,nort3244,n̥o1,1
82,sun,Diandongbei,larg1235,lu1=n̥u1,1
82,sun,Hmong Daw,hmon1333,n̥u1,1
82,sun,Hmong Njua,hmon1264,nu1,1
82,sun,Bunu,buna1273,po3=n̥ɔŋ1,1
82,sun,Baonao,buna1273,vei3=n̥ɒ1,1
82,sun,Numao,numa1251,tau2=ŋkau1,2
82,sun,Longhua Jiongnai,jion1236,ntoŋ22,1
82,sun,Liuxiang Jiongnai,jion1236,ntoŋ21,1
82,sun,Xiaozhai Younuo,youn1235,ha31=nɔ33,1
82,sun,Huangluo Younuo,youn1235,ha31=nɔ33,1
82,sun,Northern Pa-Hng,pahn1237,a33=l̥a55=qa22=n̥ei35,1
82,sun,Southern Pa-Hng,pahn1237,a44=ɔ̃35=n̥e35,1
82,sun,Hm-Nai,wuna1248,naŋ35=n̥e35,1
83,swim,Western Xiangxi,nort2748,naŋ3-u1,1
83,swim,Eastern Xiangxi,east2371,ɳaŋ55-ʋ53,1
83,swim,Qiandong,east2369,loŋ3-ǝu1,1
83,swim,Chuanqiandian,nort3244,lua8,1
83,swim,Diandongbei,larg1235,la8-ao8,1
83,swim,Hmong Daw,hmon1333,u̯ǝ4=lu̯ǝ7-ʼde2,1
83,swim,Hmong Njua,hmon1264,lu̯a7-ƛe5,1
84,tail,Western Xiangxi,nort2748,pi3=tɤ3,1
84,tail,Eastern Xiangxi,east2371,ti35=ta33,1
84,tail,Qiandong,east2369,qa1=tɛ3,1
84,tail,Chuanqiandian,nort3244,ku5=du3,1
84,tail,Diandongbei,larg1235,a3=caɯ4,2
84,tail,Hmong Daw,hmon1333,kɔ4=tɨ4,1
84,tail,Hmong Njua,hmon1264,qʉ3=tʉ2,1
84,tail,Bunu,buna1273,tau3,1
84,tail,Baonao,buna1273,kǝ3=cǝ3,1
84,tail,Numao,numa1251,töy3,1
84,tail,Longhua Jiongnai,jion1236,ðau53,1
84,tail,Liuxiang Jiongnai,jion1236,lɔ35,1
84,tail,Xiaozhai Younuo,youn1235,kǝ33=te22,1
84,tail,Huangluo Younuo,youn1235,kǝ33=te22,1
84,tail,Northern Pa-Hng,pahn1237,tai33=tai22,1
84,tail,Southern Pa-Hng,pahn1237,tɦɤ33=tɤ31,1
84,tail,Hm-Nai,wuna1248,tei33=tei13,1
85,that1,Western Xiangxi,nort2748,ä3,1
85,that1,Eastern Xiangxi,east2371,tɛ55=ɛ55,1
85,that1,Qiandong,east2369,i3,1
85,that1,Chuanqiandian,nort3244,ʔi3,1
85,that1,Diandongbei,larg1235,tʰao5,2
85,that1,Hmong Daw,hmon1333,ndǝw8,2
85,that1,Hmong Njua,hmon1264,ndaʉ7,2
85,that1,Bunu,buna1273,uŋ1,3
85,that1,Baonao,buna1273,ɔ1,3
85,that1,Numao,numa1251,yi4,1
85,that1,Longhua Jiongnai,jion1236,mi44,9
85,that1,Liuxiang Jiongnai,jion1236,mi44,9
85,that1,Xiaozhai Younuo,youn1235,ni31,5
85,that1,Huangluo Younuo,youn1235,ni22,5
85,that1,Northern Pa-Hng,pahn1237,ŋ̩55,10
85,that1,Southern Pa-Hng,pahn1237,ŋ̩55,10
85,that1,Hm-Nai,wuna1248,wo55,10
85,that2,Western Xiangxi,nort2748,ʑi1,4
85,that2,Qiandong,east2369,nen3,5
85,that2,Diandongbei,larg1235,ɳc̢i7,6
86,this,Western Xiangxi,nort2748,nen3,1
86,this,Eastern Xiangxi,east2371,ne55,1
86,this,Qiandong,east2369,noŋ3,1
86,this,Chuanqiandian,nort3244,na3,1
86,this,Diandongbei,larg1235,ni3,1
86,this,Hmong Daw,hmon1333,nɔ4,1
86,this,Hmong Njua,hmon1264,nu̯a2,1
86,this,Bunu,buna1273,nɔŋ3,1
86,this,Baonao,buna1273,naǝ3,1
86,this,Numao,numa1251,ney3,1
86,this,Longhua Jiongnai,jion1236,ne53,1
86,this,Liuxiang Jiongnai,jion1236,ni35,1
86,this,Xiaozhai Younuo,youn1235,no22,1
86,this,Huangluo Younuo,youn1235,no22,1
86,this,Northern Pa-Hng,pahn1237,ŋ̩22,1
86,this,Southern Pa-Hng,pahn1237,ŋ̩31,1
86,this,Hm-Nai,wuna1248,ne13,1
87,thou,Western Xiangxi,nort2748,mɯ2,1
87,thou,Eastern Xiangxi,east2371,mu31,1
87,thou,Qiandong,east2369,moŋ2,1
87,thou,Chuanqiandian,nort3244,ne2,2
87,thou,Diandongbei,larg1235,ɕü6,3
87,thou,Hmong Daw,hmon1333,kɔ2,4
87,thou,Hmong Njua,hmon1264,kao5,4
87,thou,Bunu,buna1273,kau2,4
87,thou,Baonao,buna1273,kǝ2,4
87,thou,Numao,numa1251,köy2,4
87,thou,Longhua Jiongnai,jion1236,maŋ33,1
87,thou,Liuxiang Jiongnai,jion1236,mǝŋ31,1
87,thou,Xiaozhai Younuo,youn1235,ŋ̩13,1
87,thou,Huangluo Younuo,youn1235,ŋ̩13,1
87,thou,Northern Pa-Hng,pahn1237,mu33,1
87,thou,Southern Pa-Hng,pahn1237,mɦʉ33,1
87,thou,Hm-Nai,wuna1248,m̩31,1
88,tongue,Western Xiangxi,nort2748,qo1=mi̯a4,1
89,tooth,Western Xiangxi,nort2748,qo1=ʆɛ̃3,1
89,tooth,Eastern Xiangxi,east2371,qu53=sɛ55,1
89,tooth,Qiandong,east2369,m̥ʰi3,2
89,tooth,Chuanqiandian,nort3244,na3,2
89,tooth,Diandongbei,larg1235,n̥ie3,2
89,tooth,Hmong Daw,hmon1333,n̥i̯a3,2
89,tooth,Hmong Njua,hmon1264,na2,2
89,tooth,Bunu,buna1273,fa3=m̥iŋ3,2
89,tooth,Baonao,buna1273,m̥ay3,2
89,tooth,Numao,numa1251,m̥ɑy3,2
89,tooth,Longhua Jiongnai,jion1236,m̥ay53,2
89,tooth,Liuxiang Jiongnai,jion1236,m̥ɛ35,2
89,tooth,Xiaozhai Younuo,youn1235,fun22,3
89,tooth,Huangluo Younuo,youn1235,fun22,3
89,tooth,Northern Pa-Hng,pahn1237,qa44=ɲ̥i22,2
89,tooth,Southern Pa-Hng,pahn1237,m̥ı31,2
89,tooth,Hm-Nai,wuna1248,tei33=m̥iŋ13,2
90,tree,Western Xiangxi,nort2748,qo1=ntu5,1
90,tree,Eastern Xiangxi,east2371,dɔ31,1
90,tree,Qiandong,east2369,tǝu5,1
90,tree,Chuanqiandian,nort3244,ntoŋ5,1
90,tree,Diandongbei,larg1235,ntao5,1
90,tree,Hmong Daw,hmon1333,ndõ4,1
90,tree,Hmong Njua,hmon1264,ndoŋ3,1
90,tree,Bunu,buna1273,ntaŋ5,1
90,tree,Baonao,buna1273,ntɔŋ5,1
90,tree,Numao,numa1251,ntou5,1
90,tree,Longhua Jiongnai,jion1236,ntɔuŋ35,1
90,tree,Liuxiang Jiongnai,jion1236,ntaŋ22,1
90,tree,Xiaozhai Younuo,youn1235,fɔ33,2
90,tree,Huangluo Younuo,youn1235,fɔ33,2
90,tree,Northern Pa-Hng,pahn1237,ti̯a35,3
90,tree,Southern Pa-Hng,pahn1237,pi̯a35,3
90,tree,Hm-Nai,wuna1248,ca35,3
91,two,Western Xiangxi,nort2748,ɯ1,1
91,two,Eastern Xiangxi,east2371,ʋ53,1
91,two,Qiandong,east2369,o1,1
91,two,Chuanqiandian,nort3244,ʔao1,1
91,two,Diandongbei,larg1235,a1,1
91,two,Hmong Daw,hmon1333,o1,1
91,two,Hmong Njua,hmon1264,ʔao1,1
91,two,Bunu,buna1273,au1,1
91,two,Baonao,buna1273,uɔ1,1
91,two,Numao,numa1251,öy1,1
91,two,Longhua Jiongnai,jion1236,u44,1
91,two,Liuxiang Jiongnai,jion1236,u44,1
91,two,Xiaozhai Younuo,youn1235,u33,1
91,two,Huangluo Younuo,youn1235,u33,1
91,two,Northern Pa-Hng,pahn1237,va35,1
91,two,Southern Pa-Hng,pahn1237,va35,1
91,two,Hm-Nai,wuna1248,wa53,1
92,walk (go),Western Xiangxi,nort2748,moŋ4,1
92,walk (go),Eastern Xiangxi,east2371,maŋ33,1
92,walk (go),Qiandong,east2369,moŋ4,1
92,walk (go),Chuanqiandian,nort3244,moŋ4,1
92,walk (go),Diandongbei,larg1235,mao4,1
92,walk (go),Hmong Daw,hmon1333,mu5,1
92,walk (go),Hmong Njua,hmon1264,moŋ6,1
92,walk (go),Bunu,buna1273,muŋ4,1
92,walk (go),Baonao,buna1273,mu4,1
92,walk (go),Numao,numa1251,muŋ4,1
92,walk (go),Longhua Jiongnai,jion1236,ŋ̥ŋ31,1
92,walk (go),Liuxiang Jiongnai,jion1236,ŋ̥ŋ53,1
92,walk (go),Xiaozhai Younuo,youn1235,ŋ̩22,1
92,walk (go),Huangluo Younuo,youn1235,ŋ̩22,1
92,walk (go),Northern Pa-Hng,pahn1237,ɲi33,1
92,walk (go),Southern Pa-Hng,pahn1237,ɲɦı33,1
92,walk (go),Hm-Nai,wuna1248,m̩33,1
93,warm (hot),Western Xiangxi,nort2748,ʆo3,1
93,warm (hot),Eastern Xiangxi,east2371,kɯ53,2
93,warm (hot),Qiandong,east2369,ʃʰǝu3,1
94,water,Western Xiangxi,nort2748,u1,1
94,water,Eastern Xiangxi,east2371,ʋ53,1
94,water,Qiandong,east2369,ǝu1,1
94,water,Chuanqiandian,nort3244,tle2,2
94,water,Diandongbei,larg1235,ao1,1
94,water,Hmong Daw,hmon1333,ʼde2,2
94,water,Hmong Njua,hmon1264,ƛe5,2
94,water,Bunu,buna1273,aŋ1,1
94,water,Baonao,buna1273,ɔŋ1,1
94,water,Numao,numa1251,ou1,1
94,water,Longhua Jiongnai,jion1236,ɔuŋ44,1
94,water,Liuxiang Jiongnai,jion1236,aŋ44,1
94,water,Xiaozhai Younuo,youn1235,ŋ̩33,1
94,water,Huangluo Younuo,youn1235,ŋ̩33,1
94,water,Northern Pa-Hng,pahn1237,aŋ35,1
94,water,Southern Pa-Hng,pahn1237,ɔ̃35,1
94,water,Hm-Nai,wuna1248,aŋ35,1
95,we,Western Xiangxi,nort2748,pɯ1,1
95,we,Eastern Xiangxi,east2371,pʋ53,1
95,we,Qiandong,east2369,pi1,1
95,we,Chuanqiandian,nort3244,pe1,1
95,we,Diandongbei,larg1235,pi1,1
95,we,Hmong Daw,hmon1333,pe1,1
95,we,Hmong Njua,hmon1264,pe1,1
95,we,Bunu,buna1273,pe1,1
95,we,Baonao,buna1273,pey1,1
95,we,Numao,numa1251,pɑ1,1
95,we,Longhua Jiongnai,jion1236,pa44,1
95,we,Liuxiang Jiongnai,jion1236,pa44,1
95,we,Xiaozhai Younuo,youn1235,pou33,1
95,we,Huangluo Younuo,youn1235,pou33,1
95,we,Northern Pa-Hng,pahn1237,pu35,1
95,we,Southern Pa-Hng,pahn1237,pʉ35,1
95,we,Hm-Nai,wuna1248,waŋ22-kaŋ13,2
96,what,Western Xiangxi,nort2748,qo1=ɳaŋ1,1
96,what,Eastern Xiangxi,east2371,mɛ55-yɤ31,2
96,what,Qiandong,east2369,qei2=ʃi3,3
96,what,Chuanqiandian,nort3244,lua6=c̢i5,3
96,what,Diandongbei,larg1235,qa1=ši5,3
96,what,Hmong Daw,hmon1333,ʼda1=či4,3
96,what,Hmong Njua,hmon1264,ƛaŋ1=čɨ3,3
96,what,Longhua Jiongnai,jion1236,laŋ44-ða35,4
96,what,Liuxiang Jiongnai,jion1236,ney53-ʑã31,5
96,what,Xiaozhai Younuo,youn1235,kǝ33-li33,6
96,what,Huangluo Younuo,youn1235,hoŋ13-nǝn33,7
96,what,Northern Pa-Hng,pahn1237,ka55-yaŋ53,8
96,what,Southern Pa-Hng,pahn1237,qa35-yɔ̃53,8
96,what,Hm-Nai,wuna1248,hou35=mpou33,9
97,white,Western Xiangxi,nort2748,qu̯ɤ1,1
97,white,Eastern Xiangxi,east2371,qwa53,1
97,white,Qiandong,east2369,ɬu1,1
97,white,Chuanqiandian,nort3244,tleu1,1
97,white,Diandongbei,larg1235,ƛoey1-nci6-lie4,1
97,white,Hmong Daw,hmon1333,ʼdǝw1,1
97,white,Hmong Njua,hmon1264,ƛaʉ1,1
97,white,Bunu,buna1273,ƛo1,1
97,white,Baonao,buna1273,ƛou1,1
97,white,Numao,numa1251,ƛi̯o1,1
97,white,Longhua Jiongnai,jion1236,klau44,1
97,white,Liuxiang Jiongnai,jion1236,klɔ44,1
97,white,Xiaozhai Younuo,youn1235,ki̯e33,1
97,white,Huangluo Younuo,youn1235,ki̯u33,1
97,white,Northern Pa-Hng,pahn1237,kɔ35,1
97,white,Southern Pa-Hng,pahn1237,kwɔ35,1
97,white,Hm-Nai,wuna1248,kwau35,1
98,who,Western Xiangxi,nort2748,ɕi3-le1,1
98,who,Eastern Xiangxi,east2371,pɛ55,2
98,who,Qiandong,east2369,tɛ4=ʃi3,1
98,who,Chuanqiandian,nort3244,lo1=ʔi5,3
98,who,Diandongbei,larg1235,qa3=tɨ4,4
98,who,Hmong Daw,hmon1333,tɨ6,4
98,who,Hmong Njua,hmon1264,leŋ5=tʉ6,4
98,who,Bunu,buna1273,po3=tau6,4
98,who,Baonao,buna1273,ey2=sey6,5
98,who,Numao,numa1251,iu1=yi3,1
98,who,Longhua Jiongnai,jion1236,n̥a53,6
98,who,Liuxiang Jiongnai,jion1236,n̥a35,6
98,who,Xiaozhai Younuo,youn1235,a53-nɔ13,7
98,who,Huangluo Younuo,youn1235,kǝ33-lou13,8
98,who,Northern Pa-Hng,pahn1237,ti31-lɛ33,4
98,who,Southern Pa-Hng,pahn1237,ti44-lɦɛ̃33,4
98,who,Hm-Nai,wuna1248,ti35-nai33,4
99,woman,Western Xiangxi,nort2748,qo1=mpʰa3,1
99,woman,Eastern Xiangxi,east2371,qei35=pʰa35,1
99,woman,Qiandong,east2369,a3,2
99,woman,Chuanqiandian,nort3244,po2,3
99,woman,Diandongbei,larg1235,a5=po2,3
99,woman,Hmong Daw,hmon1333,pɔ2-ni̯a7,3
99,woman,Hmong Njua,hmon1264,qu̯a4=pu5,3
100,yellow,Western Xiangxi,nort2748,qu̯en2,1
100,yellow,Eastern Xiangxi,east2371,gwɛ31,1
100,yellow,Qiandong,east2369,faŋ2,1
100,yellow,Chuanqiandian,nort3244,tlaŋ2,1
100,yellow,Diandongbei,larg1235,vaɯ2,1
100,yellow,Hmong Daw,hmon1333,ʼda2,1
100,yellow,Hmong Njua,hmon1264,ƛaŋ5,1
100,yellow,Bunu,buna1273,kwen2,1
100,yellow,Baonao,buna1273,kwa2,1
100,yellow,Numao,numa1251,kuɑn2 ~ ʔpan2,1
100,yellow,Longhua Jiongnai,jion1236,kwen33,1
100,yellow,Liuxiang Jiongnai,jion1236,kwan31,1
100,yellow,Xiaozhai Younuo,youn1235,kwǝn13,1
100,yellow,Huangluo Younuo,youn1235,kwǝn13,1
100,yellow,Northern Pa-Hng,pahn1237,kwei33,1
100,yellow,Southern Pa-Hng,pahn1237,kɦwɤ33,1
100,yellow,Hm-Nai,wuna1248,kwei33,1
101,far,Western Xiangxi,nort2748,qɯ1,1
101,far,Eastern Xiangxi,east2371,qu53,1
101,far,Qiandong,east2369,to4,2
101,far,Chuanqiandian,nort3244,tle1,1
101,far,Diandongbei,larg1235,ƛi1,1
101,far,Hmong Daw,hmon1333,ʼde1,1
101,far,Hmong Njua,hmon1264,ƛe1,1
101,far,Bunu,buna1273,kwe1,1
101,far,Baonao,buna1273,kwey1,1
101,far,Numao,numa1251,kuɑ1 ~ ʔpɑ1,1
101,far,Longhua Jiongnai,jion1236,kwa44,1
101,far,Liuxiang Jiongnai,jion1236,kwa44,1
101,far,Xiaozhai Younuo,youn1235,ki̯e33,1
101,far,Huangluo Younuo,youn1235,ki̯u33,1
101,far,Northern Pa-Hng,pahn1237,ko35,1
101,far,Southern Pa-Hng,pahn1237,ko35,1
101,far,Hm-Nai,wuna1248,ko35,1
102,heavy,Western Xiangxi,nort2748,xen3,1
102,heavy,Eastern Xiangxi,east2371,ɲ̥ʰe55,1
102,heavy,Qiandong,east2369,n̥ʰioŋ3,1
102,heavy,Chuanqiandian,nort3244,ɲaŋ3,1
102,heavy,Diandongbei,larg1235,n̥iaɯ3,1
102,heavy,Hmong Daw,hmon1333,ɲ̥a3,1
102,heavy,Hmong Njua,hmon1264,ɲaŋ2,1
102,heavy,Bunu,buna1273,ɲ̥ɔŋ3,1
103,near,Western Xiangxi,nort2748,ʐɯ5,1
103,near,Eastern Xiangxi,east2371,yu31,1
103,near,Qiandong,east2369,ɣi5,1
103,near,Chuanqiandian,nort3244,ʐe4,1
103,near,Diandongbei,larg1235,vǝ5,1
103,near,Hmong Daw,hmon1333,že4,1
103,near,Hmong Njua,hmon1264,že3,1
103,near,Bunu,buna1273,ɣe5,1
103,near,Baonao,buna1273,ɣey5,1
103,near,Numao,numa1251,ɣey5,1
103,near,Longhua Jiongnai,jion1236,ŋki̯a35,1
103,near,Liuxiang Jiongnai,jion1236,ʑa22,1
103,near,Xiaozhai Younuo,youn1235,vi̯e35,1
103,near,Huangluo Younuo,youn1235,vay53,1
103,near,Northern Pa-Hng,pahn1237,yo55,1
103,near,Southern Pa-Hng,pahn1237,yo55,1
103,near,Hm-Nai,wuna1248,yo55,1
104,salt,Western Xiangxi,nort2748,ɲɕɯ3,1
104,salt,Eastern Xiangxi,east2371,ʒʋ55,1
104,salt,Qiandong,east2369,ʃi3,1
104,salt,Chuanqiandian,nort3244,nen3=ɳc̢e3,1
104,salt,Diandongbei,larg1235,ɳc̢ǝ3,1
104,salt,Hmong Daw,hmon1333,nǯe3,1
104,salt,Hmong Njua,hmon1264,ɲǯe2,1
104,salt,Bunu,buna1273,nce3,1
104,salt,Baonao,buna1273,ncey3,1
104,salt,Numao,numa1251,nci̯ey3,1
104,salt,Longhua Jiongnai,jion1236,nča53,1
104,salt,Liuxiang Jiongnai,jion1236,ntθa35,1
104,salt,Xiaozhai Younuo,youn1235,ʑau22,1
104,salt,Huangluo Younuo,youn1235,ʑau22,1
104,salt,Northern Pa-Hng,pahn1237,ɲo22,1
104,salt,Southern Pa-Hng,pahn1237,ɲɕo31,1
104,salt,Hm-Nai,wuna1248,ɲɕo13,1
105,short,Western Xiangxi,nort2748,le3,1
105,short,Eastern Xiangxi,east2371,li55,1
105,short,Qiandong,east2369,lɛ3,1
105,short,Chuanqiandian,nort3244,lo5,1
105,short,Diandongbei,larg1235,lu8,1
105,short,Hmong Daw,hmon1333,lu3,1
105,short,Hmong Njua,hmon1264,lu3,1
106,snake,Western Xiangxi,nort2748,ta1=nen1,1
106,snake,Eastern Xiangxi,east2371,nɛ53,1
106,snake,Qiandong,east2369,naŋ1,1
106,snake,Chuanqiandian,nort3244,naŋ1,1
106,snake,Diandongbei,larg1235,pi1=naɯ1,1
106,snake,Hmong Daw,hmon1333,na1,1
106,snake,Hmong Njua,hmon1264,naŋ1,1
106,snake,Bunu,buna1273,nǝŋ1,1
106,snake,Baonao,buna1273,nɒ1,1
106,snake,Numao,numa1251,nɑn1,1
106,snake,Longhua Jiongnai,jion1236,nen44,1
106,snake,Liuxiang Jiongnai,jion1236,nan44,1
106,snake,Xiaozhai Younuo,youn1235,kau35=ni33,1
106,snake,Huangluo Younuo,youn1235,ni33,1
106,snake,Northern Pa-Hng,pahn1237,neŋ35,1
106,snake,Southern Pa-Hng,pahn1237,ŋ̩31=nẽ35,1
106,snake,Hm-Nai,wuna1248,n̩22=nɯŋ35,1
107,thin,Western Xiangxi,nort2748,ʆu1,1
107,thin,Eastern Xiangxi,east2371,ʆi35,1
107,thin,Hmong Daw,hmon1333,ɲi̯a5,2
107,thin,Hmong Njua,hmon1264,ɲa6,2
107,thin,Bunu,buna1273,sʰaŋ1,3
107,thin,Baonao,buna1273,mǝ4,4
107,thin,Numao,numa1251,ncʰɑy3,5
107,thin,Longhua Jiongnai,jion1236,ɲiŋ31,2
107,thin,Liuxiang Jiongnai,jion1236,ɲiŋ53,2
107,thin,Xiaozhai Younuo,youn1235,ɲi22,2
107,thin,Huangluo Younuo,youn1235,ɲi22,2
107,thin,Northern Pa-Hng,pahn1237,ɲi22,2
107,thin,Southern Pa-Hng,pahn1237,ɲɦı31,2
107,thin,Hm-Nai,wuna1248,n̩22,2
108,wind,Western Xiangxi,nort2748,ki5,1
108,wind,Eastern Xiangxi,east2371,ɕi31,1
108,wind,Qiandong,east2369,ɕen5,1
108,wind,Chuanqiandian,nort3244,ɕua5,1
108,wind,Diandongbei,larg1235,ɕa5,1
108,wind,Hmong Daw,hmon1333,ɕu̯ǝ4,1
108,wind,Hmong Njua,hmon1264,ɕu̯a3,1
108,wind,Bunu,buna1273,ka3=ɕi5,1
108,wind,Baonao,buna1273,ɕi5,1
108,wind,Numao,numa1251,ɕi5,1
108,wind,Longhua Jiongnai,jion1236,či35,1
108,wind,Liuxiang Jiongnai,jion1236,či22,1
108,wind,Xiaozhai Younuo,youn1235,ki35,1
108,wind,Huangluo Younuo,youn1235,ki53,1
108,wind,Northern Pa-Hng,pahn1237,aŋ35=ɕi55,1
108,wind,Southern Pa-Hng,pahn1237,ɔ̃35=ɕi55,1
108,wind,Hm-Nai,wuna1248,aŋ35=ɕi55,1
109,worm,Western Xiangxi,nort2748,ta1=kin1,1
109,worm,Eastern Xiangxi,east2371,ɕi53,1
109,worm,Qiandong,east2369,kaŋ1,1
109,worm,Chuanqiandian,nort3244,kaŋ1,1
109,worm,Diandongbei,larg1235,pi1=kaɯ1,1
109,worm,Hmong Daw,hmon1333,ɕu̯ǝ4-na1,2
109,worm,Hmong Njua,hmon1264,kaŋ4,1
109,worm,Bunu,buna1273,ka1=ɕɔŋ1,3
109,worm,Baonao,buna1273,ɕey1=ŋi̯a5,2
109,worm,Numao,numa1251,ŋkɑu4,4
109,worm,Longhua Jiongnai,jion1236,ka44=ʑaŋ44,5
109,worm,Liuxiang Jiongnai,jion1236,kɛ44=ʑaŋ44,5
109,worm,Xiaozhai Younuo,youn1235,ki13=ki̯aŋ33,1
109,worm,Huangluo Younuo,youn1235,ki13=ki̯aŋ33,1
109,worm,Northern Pa-Hng,pahn1237,qa22=yoŋ35,6
109,worm,Southern Pa-Hng,pahn1237,qɤ35=yõ35,6
109,worm,Hm-Nai,wuna1248,qei35=ɕuŋ35,3
110,year,Western Xiangxi,nort2748,ɕu5,1
110,year,Eastern Xiangxi,east2371,cɔ31,1
110,year,Qiandong,east2369,n̥ʰiu5,2
110,year,Chuanqiandian,nort3244,ʆoŋ5,1
110,year,Diandongbei,larg1235,ʆao7,1
110,year,Hmong Daw,hmon1333,ʆõ4,1
110,year,Hmong Njua,hmon1264,ʆoŋ3,1
110,year,Bunu,buna1273,saŋ5,1
110,year,Baonao,buna1273,sɔŋ5,1
110,year,Numao,numa1251,ci̯ou5,1
110,year,Longhua Jiongnai,jion1236,ɲ̥ɔuŋ35,2
110,year,Liuxiang Jiongnai,jion1236,ɲ̥ɔ22,2
110,year,Xiaozhai Younuo,youn1235,ti̯uŋ35,3
110,year,Huangluo Younuo,youn1235,ti̯uŋ53,3
110,year,Northern Pa-Hng,pahn1237,ɕaŋ55,1
110,year,Southern Pa-Hng,pahn1237,ɕɔ̃55,1
110,year,Hm-Nai,wuna1248,ɕuŋ55,1
